id,conversation_id,created_at,date,timezone,place,tweet,language,hashtags,cashtags,user_id,user_id_str,username,name,day,hour,link,urls,photos,video,thumbnail,retweet,nlikes,nreplies,nretweets,quote_url,search,near,geo,source,user_rt_id,user_rt,retweet_id,reply_to,retweet_date,translate,trans_src,trans_dest,sentiment,annotator,annotation_id,updated_at,lead_time,botometerCapEng.score,botometerCapUni.score,botometerOverallRawEng.score,botometerOverallRawUni.score,botometerDisplayEng.score,botometerDisplayUni.score
31781,1542440102332342278,2022-10-10T16:16:31.749567Z,2022-07-02 17:22:54,200,,"@alviinaalametsa @TeestaSetalvad Then, let's forget the cooperation. There is simply no need for that.",en,[],[],1322264771677220864,1322264771677220864,nameshakehe,Hello,6,17,https://twitter.com/nameshakehe/status/1543253890216341504,[],[],0,,FALSE,0,0,0,,None,,,,,,,"[{'screen_name': 'alviinaalametsa', 'name': 'Alviina Alametsä', 'id': '888960558'}, {'screen_name': 'TeestaSetalvad', 'name': 'Teesta Setalvad', 'id': '116372682'}]",,,,,"{""choices"": [""Whataboutism"", ""Unrecoganisable""]}",2,355,2022-10-10T16:16:31.749597Z,13.912,0.8100783815,0.8421031638,0.79,0.86,4,4.3
31772,1542440102332342278,2022-10-10T16:14:24.622616Z,2022-06-30 20:27:28,200,,@alviinaalametsa @TeestaSetalvad Nikal ❤️di. Stop interference in our Internal affairs . Focus on Europe which is f*ucked by Russia.,en,[],[],1485464855402332163,1485464855402332163,SanatanForce,Creative Guy,4,20,https://twitter.com/SanatanForce/status/1542575562769977344,[],[],0,,FALSE,0,0,0,,None,,,,,,,"[{'screen_name': 'alviinaalametsa', 'name': 'Alviina Alametsä', 'id': '888960558'}, {'screen_name': 'TeestaSetalvad', 'name': 'Teesta Setalvad', 'id': '116372682'}]",,,,,"{""choices"": [""Delegitimization of foreign speakers"", ""Misogynistic/slut-shaming""]}",2,346,2022-10-10T16:14:24.622644Z,8.794,0.7998362042,0.8252572898,0.73,0.82,3.6,4.1
31787,1542440102332342278,2022-10-10T16:17:46.922687Z,2022-07-02 15:56:04,200,,@alviinaalametsa @TeestaSetalvad Mind ur own business. EU is a mess,en,[],[],1102446538549157888,1102446538549157888,sanjuktaroyvai1,sanjuktaroyvaidya संयुक्ता राय वैद्या,6,15,https://twitter.com/sanjuktaroyvai1/status/1543232039465340929,[],[],0,,FALSE,0,0,0,,None,,,,,,,"[{'screen_name': 'alviinaalametsa', 'name': 'Alviina Alametsä', 'id': '888960558'}, {'screen_name': 'TeestaSetalvad', 'name': 'Teesta Setalvad', 'id': '116372682'}]",,,,,Delegitimization of foreign speakers,2,361,2022-10-10T16:17:46.922717Z,4.11,0.7907586934,0.8115094046,0.36,0.76,1.8,3.8
31791,1542440102332342278,2022-10-10T16:18:29.027933Z,2022-07-02 15:35:48,200,,"@alviinaalametsa @TeestaSetalvad We have no such plans to build up better relations from the selective minded people You know nothing about the things going on, so mind your business It can't be possible that the criminals here can be spared just for being the so called cheap ""activists, workers of human rights""",en,[],[],1460626096265711625,1460626096265711625,vt82878,Vishal Tiwari🇮🇳,6,15,https://twitter.com/vt82878/status/1543226939220971520,[],[],0,,FALSE,0,0,0,,None,,,,,,,"[{'screen_name': 'alviinaalametsa', 'name': 'Alviina Alametsä', 'id': '888960558'}, {'screen_name': 'TeestaSetalvad', 'name': 'Teesta Setalvad', 'id': '116372682'}]",,,,,"{""choices"": [""Delegitimization of foreign speakers"", ""Delegitimization as speaker may not be considered an  “expert”""]}",2,365,2022-10-10T16:18:29.027962Z,16.193,0.8162043104,0.8115094046,0.81,0.76,4.1,3.8
31750,1542440102332342278,2022-10-10T16:10:08.508000Z,2022-06-30 22:07:27,200,,@alviinaalametsa @TeestaSetalvad Ok lawadi,in,[],[],830640354,830640354,PunctureWalIa,PunctureWala,4,22,https://twitter.com/PunctureWalIa/status/1542600724844277760,[],[],0,,FALSE,0,0,0,,None,,,,,,,"[{'screen_name': 'alviinaalametsa', 'name': 'Alviina Alametsä', 'id': '888960558'}, {'screen_name': 'TeestaSetalvad', 'name': 'Teesta Setalvad', 'id': '116372682'}]",,,,,Misogynistic/slut-shaming,2,324,2022-10-10T16:10:08.508038Z,5.225,0.7668769622,0.8064216073,0.28,0.7,1.4,3.5
31767,1542440102332342278,2022-10-10T16:13:32.309663Z,2022-06-30 20:38:55,200,,"@alviinaalametsa @TeestaSetalvad Don’t know whether your country have independence judiciary or not, but India have robust Judiciary system and they will take care.",en,[],[],1263952440107425795,1263952440107425795,vedalasrinivas2,vedalasrinivasan 🇮🇳,4,20,https://twitter.com/vedalasrinivas2/status/1542578446173437954,[],[],0,,FALSE,0,0,0,,None,,,,,,,"[{'screen_name': 'alviinaalametsa', 'name': 'Alviina Alametsä', 'id': '888960558'}, {'screen_name': 'TeestaSetalvad', 'name': 'Teesta Setalvad', 'id': '116372682'}]",,,,,Delegitimization of foreign speakers,2,341,2022-10-10T16:13:32.309690Z,12.155,0.7668769622,0.8057684213,0.28,0.68,1.4,3.4
31770,1542440102332342278,2022-10-10T16:14:04.941421Z,2022-06-30 20:29:34,200,,"@alviinaalametsa @TeestaSetalvad At your first line, i thought finally someone speak about Hindus been beheaded/tortured by a special community..   how itcan be... then i read whole tweet  a liberal like U... leftist bigot will only support a Fake/corrupt",en,[],[],822383047534219264,822383047534219264,RoshniVSingh,Roshni V Singh,4,20,https://twitter.com/RoshniVSingh/status/1542576089821839363,[],[],0,,FALSE,0,0,0,,None,,,,,,,"[{'screen_name': 'alviinaalametsa', 'name': 'Alviina Alametsä', 'id': '888960558'}, {'screen_name': 'TeestaSetalvad', 'name': 'Teesta Setalvad', 'id': '116372682'}]",,,,,Whataboutism,2,344,2022-10-10T16:14:04.941449Z,12.639,0.7957282279,0.8054309326,0.42,0.53,2.1,2.7
31764,1542440102332342278,2022-10-10T16:13:04.118671Z,2022-06-30 20:58:08,200,,@alviinaalametsa Who r you?  Chal bosdiki,en,[],[],793736563289100288,793736563289100288,kirudevadiga,Kiran moily,4,20,https://twitter.com/kirudevadiga/status/1542583280314236931,[],[],0,,FALSE,0,0,0,,None,,,,,,,"[{'screen_name': 'alviinaalametsa', 'name': 'Alviina Alametsä', 'id': '888960558'}]",,,,,Misogynistic/slut-shaming,2,338,2022-10-10T16:13:04.118701Z,4.53,0.8076035454,0.805409212,0.78,0.66,3.9,3.3
31785,1542440102332342278,2022-10-10T16:17:16.951602Z,2022-07-02 15:57:46,200,,@alviinaalametsa What is your expert opinion on Julian Assange? @UshaNirmala,en,[],[],1918641206,1918641206,ambar_dave,Ambar,6,15,https://twitter.com/ambar_dave/status/1543232465866821633,[],[],0,,FALSE,0,0,0,,None,,,,,,,"[{'screen_name': 'alviinaalametsa', 'name': 'Alviina Alametsä', 'id': '888960558'}]",,,,,Whataboutism,2,359,2022-10-10T16:17:16.951636Z,5.61,0.8100783815,0.8052216893,0.79,0.61,4,3
31709,1542440102332342278,2022-10-07T13:51:37.288139Z,2022-07-01 23:34:52,200,,@alviinaalametsa @annavetticad @TeestaSetalvad Deal with Islamists in ur country. Dont lecture India,en,[],[],1540827546211721216,1540827546211721216,AP18644787,AP,5,23,https://twitter.com/AP18644787/status/1542985109586018313,[],[],0,,FALSE,0,0,0,,None,,,,,,,"[{'screen_name': 'alviinaalametsa', 'name': 'Alviina Alametsä', 'id': '888960558'}, {'screen_name': 'annavetticad', 'name': 'Anna MM Vetticad', 'id': '64526820'}, {'screen_name': 'TeestaSetalvad', 'name': 'Teesta Setalvad', 'id': '116372682'}]",,,,,"{""choices"": [""Delegitimization of foreign speakers"", ""Whataboutism""]}",3,174,2022-10-07T13:51:37.288169Z,32.367,0.7176911081,0.8023863559,0.22,0.39,1.1,2
31726,1542440102332342278,2022-10-10T09:58:18.104093Z,2022-07-01 15:35:36,200,,@alviinaalametsa @TeestaSetalvad Who are you and what do you know about my country to make such statement... keep your nose out....,en,[],[],2749722252,2749722252,mimeekk,Mita Kamat,5,15,https://twitter.com/mimeekk/status/1542864501086748675,[],[],0,,FALSE,0,0,0,,None,,,,,,,"[{'screen_name': 'alviinaalametsa', 'name': 'Alviina Alametsä', 'id': '888960558'}, {'screen_name': 'TeestaSetalvad', 'name': 'Teesta Setalvad', 'id': '116372682'}]",,,,,"{""choices"": [""Delegitimization of foreign speakers"", ""Delegitimization as speaker may not be considered an  “expert”""]}",2,300,2022-10-10T09:58:18.104125Z,12.523,0.75462187,0.8023863559,0.26,0.39,1.3,2
31754,1542440102332342278,2022-10-10T16:11:06.722866Z,2022-06-30 21:49:11,200,,@alviinaalametsa @TeestaSetalvad whoever you're Indian laws aren't bound by the EU. India is the biggest democracy in the world Nd we have a Judiciary to protect the rights of Indians.  Having said that there is no way criminals can use it to their advantage.  Sit down!,en,[],[],1452935090791583747,1452935090791583747,Sanatani_Thanos,Sinha_साहेब,4,21,https://twitter.com/Sanatani_Thanos/status/1542596126469402624,[],[],0,,FALSE,9,0,1,,None,,,,,,,"[{'screen_name': 'alviinaalametsa', 'name': 'Alviina Alametsä', 'id': '888960558'}, {'screen_name': 'TeestaSetalvad', 'name': 'Teesta Setalvad', 'id': '116372682'}]",,,,,Delegitimization of foreign speakers,2,328,2022-10-10T16:11:06.722899Z,12.199,0.7964100716,0.8016170836,0.44,0.38,2.2,1.9
31803,1542440102332342278,2022-10-10T16:39:03.497111Z,2022-07-03 15:04:53,200,,@alviinaalametsa @TeestaSetalvad Do you people act like mor0n or are you really a mor0n? Delving deep into the case and knowing the truth will not suit your propaganda that’s why you are defeacating by your mouth. Rest assured we don’t give a damn to mor0ns like you. Happy crying! You will get more opportunities,en,[],[],1433222022792814592,1433222022792814592,DocUnapologetic,The Unapologetic Indian,7,15,https://twitter.com/DocUnapologetic/status/1543581547206283264,[],[],0,,FALSE,0,0,0,,None,,,,,,,"[{'screen_name': 'alviinaalametsa', 'name': 'Alviina Alametsä', 'id': '888960558'}, {'screen_name': 'TeestaSetalvad', 'name': 'Teesta Setalvad', 'id': '116372682'}]",,,,,"{""choices"": [""Questioning stature of the speaker (not widely followed)"", ""Misogynistic/slut-shaming""]}",2,377,2022-10-10T16:39:03.497135Z,18.058,0.7287106186,0.8016170836,0.23,0.38,1.2,1.9
31753,1542440102332342278,2022-10-10T16:10:52.769106Z,2022-06-30 21:53:49,200,,@alviinaalametsa @TeestaSetalvad For the sake of Nato membership Finland is withdrawing it's support to Kurdish people. 😂😂 human rights,en,[],[],1163928972,1163928972,vforvishall,Vishal Mishra विशाल 🇮🇳,4,21,https://twitter.com/vforvishall/status/1542597295119540225,[],[],0,,FALSE,0,0,0,,None,,,,,,,"[{'screen_name': 'alviinaalametsa', 'name': 'Alviina Alametsä', 'id': '888960558'}, {'screen_name': 'TeestaSetalvad', 'name': 'Teesta Setalvad', 'id': '116372682'}]",,,,,"{""choices"": [""Delegitimization of foreign speakers"", ""Whataboutism""]}",2,327,2022-10-10T16:10:52.769135Z,9.132,0.7966368747,0.7995701888,0.65,0.36,3.2,1.8
31742,1542440102332342278,2022-10-10T10:01:32.225902Z,2022-06-30 23:47:23,200,,"@alviinaalametsa @TeestaSetalvad Madam, In India people are facing crisis of “right to life” from ISIS style butchers. We have no time for serial con woman pretending to be some kind of selective rights activists. Nearly 300 Hindus died in Gujarat riots. How many Hindus did this con woman defended? Do you know?",en,[],[],1492647769005502467,1492647769005502467,ZoubeinD,ZoubeinDev,4,23,https://twitter.com/ZoubeinD/status/1542625875161624576,[],[],0,,FALSE,0,0,0,,None,,,,,,,"[{'screen_name': 'alviinaalametsa', 'name': 'Alviina Alametsä', 'id': '888960558'}, {'screen_name': 'TeestaSetalvad', 'name': 'Teesta Setalvad', 'id': '116372682'}]",,,,,Whataboutism,2,316,2022-10-10T10:01:32.225933Z,21.444,0.7668769622,0.7966241295,0.28,0.34,1.4,1.7
31712,1542440102332342278,2022-10-09T19:15:59.278711Z,2022-07-01 20:50:12,200,,@alviinaalametsa @TeestaSetalvad Shutup ... and do such propaganda in your state,en,[],[],1433083584022081536,1433083584022081536,Shrikan53016206,Bearded Guy,5,20,https://twitter.com/Shrikan53016206/status/1542943673368776704,[],[],0,,FALSE,0,0,0,,None,,,,,,,"[{'screen_name': 'alviinaalametsa', 'name': 'Alviina Alametsä', 'id': '888960558'}, {'screen_name': 'TeestaSetalvad', 'name': 'Teesta Setalvad', 'id': '116372682'}]",,,,,Delegitimization of foreign speakers,2,286,2022-10-09T19:15:59.278741Z,9.74,0.7952555385,0.7924367906,0.41,0.32,2,1.6
31743,1542440102332342278,2022-10-10T10:01:44.323448Z,2022-06-30 23:21:37,200,,@alviinaalametsa @TeestaSetalvad Please look beyond your bigotry. Get some skin in the game by understanding the issue better instead of pontificating to a narrative,en,[],[],2964987019,2964987019,mungi_man,Mungi Man,4,23,https://twitter.com/mungi_man/status/1542619389131952130,[],[],0,,FALSE,0,0,0,,None,,,,,,,"[{'screen_name': 'alviinaalametsa', 'name': 'Alviina Alametsä', 'id': '888960558'}, {'screen_name': 'TeestaSetalvad', 'name': 'Teesta Setalvad', 'id': '116372682'}]",,,,,Delegitimization as speaker may not be considered an  “expert”,2,317,2022-10-10T10:01:44.323480Z,10.555,0.7892294694,0.7924367906,0.35,0.32,1.8,1.6
31724,1542440102332342278,2022-10-10T09:57:47.793130Z,2022-07-01 15:53:44,200,,@alviinaalametsa @TeestaSetalvad Look who's talking. Kudos to India for not paying any heed to such one sided ill informed noise.,en,[],[],1478656999050993665,1478656999050993665,FreeMusketeerr,FreeMusketeer,5,15,https://twitter.com/FreeMusketeerr/status/1542869065018265600,[],[],0,,FALSE,0,0,0,,None,,,,,,,"[{'screen_name': 'alviinaalametsa', 'name': 'Alviina Alametsä', 'id': '888960558'}, {'screen_name': 'TeestaSetalvad', 'name': 'Teesta Setalvad', 'id': '116372682'}]",,,,,"{""choices"": [""Delegitimization as speaker may not be considered an  “expert”"", ""Appropriation of “decolonialize” narrative""]}",2,298,2022-10-10T09:57:47.793162Z,15.72,0.7759887465,0.7924367906,0.3,0.32,1.5,1.6
31728,1542440102332342278,2022-10-10T09:58:46.296836Z,2022-07-01 14:42:21,200,,@alviinaalametsa @TeestaSetalvad Can twitter classify it as paid comment.,en,[],[],272039466,272039466,dtewary,Deepak Tewary,5,14,https://twitter.com/dtewary/status/1542851098389540864,[],[],0,,FALSE,0,0,0,,None,,,,,,,"[{'screen_name': 'alviinaalametsa', 'name': 'Alviina Alametsä', 'id': '888960558'}, {'screen_name': 'TeestaSetalvad', 'name': 'Teesta Setalvad', 'id': '116372682'}]",,,,,Alleged “ulterior motives” of the speaker,2,302,2022-10-10T09:58:46.296869Z,5.774,0.7989890411,0.789743263,0.72,0.31,3.6,1.6
31819,1542440102332342278,2022-10-10T16:42:12.161092Z,2022-07-05 4:13:26,200,,"@alviinaalametsa @TeestaSetalvad So says a MP of a country that openly supported the Nazis in WW-2,aiding and abetting in the infamous holocaust😏!!Finland also has a lot of neo Nazis as per the latest reports.",en,[],[],1488085088617512961,1488085088617512961,Sumanban89,SUMAN BANERJEE,2,4,https://twitter.com/Sumanban89/status/1544142379598356480,[],[],0,,FALSE,0,0,0,,None,,,,,,,"[{'screen_name': 'alviinaalametsa', 'name': 'Alviina Alametsä', 'id': '888960558'}, {'screen_name': 'TeestaSetalvad', 'name': 'Teesta Setalvad', 'id': '116372682'}]",,,,,"{""choices"": [""Delegitimization of foreign speakers"", ""Appropriation of “decolonialize” narrative"", ""Whataboutism""]}",2,393,2022-10-10T16:42:12.161123Z,18.197,0.7759887465,0.789743263,0.3,0.31,1.5,1.6
31810,1542440102332342278,2022-10-10T16:40:30.065406Z,2022-07-03 10:21:42,200,,"@alviinaalametsa @TeestaSetalvad Law of the land Is being practiced here . You paid , ignorant and biased people stay out of this. Please poke ur runny nose in matters of ur own country. Excuse INdia. For good.",en,[],[],1542353096658931712,1542353096658931712,TiwariJiKaSon,Mahesh Tiwari☀️,7,10,https://twitter.com/TiwariJiKaSon/status/1543510281745117185,[],[],0,,FALSE,0,0,0,,None,,,,,,,"[{'screen_name': 'alviinaalametsa', 'name': 'Alviina Alametsä', 'id': '888960558'}, {'screen_name': 'TeestaSetalvad', 'name': 'Teesta Setalvad', 'id': '116372682'}]",,,,,"{""choices"": [""Delegitimization of foreign speakers"", ""Alleged “ulterior motives” of the speaker"", ""Delegitimization as speaker may not be considered an  “expert”""]}",2,384,2022-10-10T16:40:30.065435Z,12.162,0.7874002197,0.789743263,0.34,0.31,1.7,1.6
31773,1542440102332342278,2022-10-10T16:14:36.746074Z,2022-06-30 20:27:13,200,,@alviinaalametsa @TeestaSetalvad To hell with ur sadism... Do u have the guts to talk about #KanhaiyalalTeli ..? Get lost,en,['kanhaiyalalteli'],[],1693504338,1693504338,Pr0_Mahesh,mahesh challa,4,20,https://twitter.com/Pr0_Mahesh/status/1542575500505165825,[],[],0,,FALSE,0,0,0,,None,,,,,,,"[{'screen_name': 'alviinaalametsa', 'name': 'Alviina Alametsä', 'id': '888960558'}, {'screen_name': 'TeestaSetalvad', 'name': 'Teesta Setalvad', 'id': '116372682'}]",,,,,Whataboutism,2,347,2022-10-10T16:14:36.746101Z,10.479,0.7957282279,0.7865642668,0.42,0.3,2.1,1.5
31808,1542440102332342278,2022-10-10T16:40:02.221400Z,2022-07-03 10:42:55,200,,@alviinaalametsa @TeestaSetalvad Just keep quiet and don’t try to interfere in my country’s issues. And by the way the Javed Saatalvad is habitual hate mongeror.,en,[],[],851636768696696837,851636768696696837,Indiaisoneonly,Bushan,7,10,https://twitter.com/Indiaisoneonly/status/1543515619936464898,[],[],0,,FALSE,0,0,0,,None,,,,,,,"[{'screen_name': 'alviinaalametsa', 'name': 'Alviina Alametsä', 'id': '888960558'}, {'screen_name': 'TeestaSetalvad', 'name': 'Teesta Setalvad', 'id': '116372682'}]",,,,,Delegitimization of foreign speakers,2,382,2022-10-10T16:40:02.221433Z,7.63,0.7907586934,0.7865642668,0.36,0.3,1.8,1.5
31751,1542440102332342278,2022-10-10T16:10:23.293578Z,2022-06-30 21:57:33,200,,@alviinaalametsa @annavetticad @TeestaSetalvad If you understand Hindi... Jinke Ghar seeshe ke hote hai woh dusre ke ghar pathar nahi fhainkte..,de,[],[],1507287965302620160,1507287965302620160,kushluv28,deepak,4,21,https://twitter.com/kushluv28/status/1542598235067273216,[],[],0,,FALSE,0,0,0,,None,,,,,,,"[{'screen_name': 'alviinaalametsa', 'name': 'Alviina Alametsä', 'id': '888960558'}, {'screen_name': 'annavetticad', 'name': 'Anna MM Vetticad', 'id': '64526820'}, {'screen_name': 'TeestaSetalvad', 'name': 'Teesta Setalvad', 'id': '116372682'}]",,,,,Delegitimization of foreign speakers,2,325,2022-10-10T16:10:23.293607Z,13.078,0.7946723108,0.7865642668,0.4,0.3,2,1.5
31732,1542440102332342278,2022-10-10T09:59:36.841968Z,2022-07-01 13:38:17,200,,@alviinaalametsa @TeestaSetalvad Take away your EU ass. This is a country!! We have Govt to manage the affairs. Lecture to @CCPChina to maintain human rights first!!!!,en,[],[],2703337597,2703337597,seetharaman66,IamSeetharaman66,5,13,https://twitter.com/seetharaman66/status/1542834975728615424,[],[],0,,FALSE,2,0,0,,None,,,,,,,"[{'screen_name': 'alviinaalametsa', 'name': 'Alviina Alametsä', 'id': '888960558'}, {'screen_name': 'TeestaSetalvad', 'name': 'Teesta Setalvad', 'id': '116372682'}]",,,,,"{""choices"": [""Delegitimization of foreign speakers"", ""Misogynistic/slut-shaming""]}",2,306,2022-10-10T09:59:36.842000Z,13.781,0.75462187,0.7865642668,0.26,0.3,1.3,1.5
31768,1542440102332342278,2022-10-10T16:13:41.062210Z,2022-06-30 20:31:35,200,,@alviinaalametsa @AudreyTruschke @TeestaSetalvad Don't need you. We are capable enough to sustain and thrive. Go and handle your country affairs first.,en,[],[],1171359856202268672,1171359856202268672,Saurabh28193227,saurabh,4,20,https://twitter.com/Saurabh28193227/status/1542576598209425408,[],[],0,,FALSE,0,0,0,,None,,,,,,,"[{'screen_name': 'alviinaalametsa', 'name': 'Alviina Alametsä', 'id': '888960558'}, {'screen_name': 'AudreyTruschke', 'name': 'Dr. Audrey Truschke', 'id': '200737738'}, {'screen_name': 'TeestaSetalvad', 'name': 'Teesta Setalvad', 'id': '116372682'}]",,,,,Delegitimization of foreign speakers,2,342,2022-10-10T16:13:41.062242Z,6.031,0.7964100716,0.7828265255,0.44,0.29,2.2,1.4
31788,1542440102332342278,2022-10-10T16:17:56.456863Z,2022-07-02 15:51:47,200,,@alviinaalametsa @TeestaSetalvad Don't white's plan us...get rid of colonial mentality and finally GTFO and mind your business,en,[],[],1431278349112860678,1431278349112860678,striive_4_futrr,Prince Woke Liberal 🌈 🏳️‍🌈,6,15,https://twitter.com/striive_4_futrr/status/1543230960191188998,[],[],0,,FALSE,0,0,0,,None,,,,,,,"[{'screen_name': 'alviinaalametsa', 'name': 'Alviina Alametsä', 'id': '888960558'}, {'screen_name': 'TeestaSetalvad', 'name': 'Teesta Setalvad', 'id': '116372682'}]",,,,,Appropriation of “decolonialize” narrative,2,362,2022-10-10T16:17:56.456891Z,8.071,0.6596464953,0.7828265255,0.18,0.29,0.9,1.4
31813,1542440102332342278,2022-10-10T16:41:04.366093Z,2022-07-03 7:16:18,200,,@alviinaalametsa @TeestaSetalvad No need for EU’s cooperation. India is doing fine. EU must focus on how it will protect its citizens this winter with no oil and a Big Woke Ego!,en,[],[],1430093987545698309,1430093987545698309,wokenbibi,Ameera,7,7,https://twitter.com/wokenbibi/status/1543463622072213504,[],[],0,,FALSE,1,0,0,,None,,,,,,,"[{'screen_name': 'alviinaalametsa', 'name': 'Alviina Alametsä', 'id': '888960558'}, {'screen_name': 'TeestaSetalvad', 'name': 'Teesta Setalvad', 'id': '116372682'}]",,,,,"{""choices"": [""Delegitimization of foreign speakers"", ""Whataboutism""]}",2,387,2022-10-10T16:41:04.366128Z,13.496,0.7287106186,0.7828265255,0.23,0.29,1.2,1.4
31727,1542440102332342278,2022-10-10T09:58:38.719107Z,2022-07-01 15:32:21,200,,"@alviinaalametsa @TeestaSetalvad Meanwhile ur country is giving a BJ to turkey so that they allow u a place in NATO,first look at ur house Beach",en,[],[],1460280271396347908,1460280271396347908,har_bira,HarBira,5,15,https://twitter.com/har_bira/status/1542863683377922052,[],[],0,,FALSE,0,0,0,,None,,,,,,,"[{'screen_name': 'alviinaalametsa', 'name': 'Alviina Alametsä', 'id': '888960558'}, {'screen_name': 'TeestaSetalvad', 'name': 'Teesta Setalvad', 'id': '116372682'}]",,,,,"{""choices"": [""Delegitimization of foreign speakers"", ""Misogynistic/slut-shaming""]}",2,301,2022-10-10T09:58:38.719137Z,19.132,0.7826357858,0.7828265255,0.32,0.29,1.6,1.4
31814,1542440102332342278,2022-10-10T16:41:11.823179Z,2022-07-03 7:03:44,200,,@alviinaalametsa @TeestaSetalvad Laughable.. Shut off.,en,[],[],1187203831823622145,1187203831823622145,roguepakjabi,JinnahKaJin,7,7,https://twitter.com/roguepakjabi/status/1543460458316722176,[],[],0,,FALSE,0,0,0,,None,,,,,,,"[{'screen_name': 'alviinaalametsa', 'name': 'Alviina Alametsä', 'id': '888960558'}, {'screen_name': 'TeestaSetalvad', 'name': 'Teesta Setalvad', 'id': '116372682'}]",,,,,Misogynistic/slut-shaming,2,388,2022-10-10T16:41:11.823216Z,6.073,0.7287106186,0.7733457113,0.23,0.27,1.2,1.4
31775,1542440102332342278,2022-10-10T16:14:55.537303Z,2022-07-02 23:44:04,200,,@alviinaalametsa @TeestaSetalvad Do u think anyone gives a flying f$$@?,en,[],[],1513030363173564420,1513030363173564420,DarsakaMuka,मूक दर्शक,6,23,https://twitter.com/DarsakaMuka/status/1543349815764848640,[],[],0,,FALSE,0,0,0,,None,,,,,,,"[{'screen_name': 'alviinaalametsa', 'name': 'Alviina Alametsä', 'id': '888960558'}, {'screen_name': 'TeestaSetalvad', 'name': 'Teesta Setalvad', 'id': '116372682'}]",,,,,"{""choices"": [""Questioning stature of the speaker (not widely followed)"", ""Misogynistic/slut-shaming""]}",2,349,2022-10-10T16:14:55.537331Z,10.167,0.7852210698,0.7733457113,0.33,0.27,1.6,1.4
31780,1542440102332342278,2022-10-10T16:16:16.322152Z,2022-07-02 17:28:01,200,,@alviinaalametsa @TeestaSetalvad Hey What about Chinas record?Why dont u ask that china must commit to the protection human rights? Why pick only India?,en,[],[],1460594230879940609,1460594230879940609,BGSubhash3,B G Subhash,6,17,https://twitter.com/BGSubhash3/status/1543255177062674433,[],[],0,,FALSE,0,0,0,,None,,,,,,,"[{'screen_name': 'alviinaalametsa', 'name': 'Alviina Alametsä', 'id': '888960558'}, {'screen_name': 'TeestaSetalvad', 'name': 'Teesta Setalvad', 'id': '116372682'}]",,,,,Whataboutism,2,354,2022-10-10T16:16:16.322181Z,14.044,0.7874002197,0.7605777565,0.34,0.25,1.7,1.2
31789,1542440102332342278,2022-10-10T16:18:05.612954Z,2022-07-02 15:50:38,200,,@alviinaalametsa @TeestaSetalvad Your statements are unwarranted  https://t.co/uPJcear5DB,en,[],[],1222530950019481601,1222530950019481601,tbothernot,♏ 🇮🇳,6,15,https://twitter.com/tbothernot/status/1543230669073022977,[],['https://pbs.twimg.com/media/FWqoDSkX0AIpCGs.jpg'],1,https://pbs.twimg.com/media/FWqoDSkX0AIpCGs.jpg,FALSE,4,0,0,,None,,,,,,,"[{'screen_name': 'alviinaalametsa', 'name': 'Alviina Alametsä', 'id': '888960558'}, {'screen_name': 'TeestaSetalvad', 'name': 'Teesta Setalvad', 'id': '116372682'}]",,,,,Questioning stature of the speaker (not widely followed),2,363,2022-10-10T16:18:05.612978Z,7.642,0.4197222422,0.7605777565,0.08,0.25,0.4,1.2
31721,1542440102332342278,2022-10-10T09:57:18.391764Z,2022-07-01 16:05:34,200,,@alviinaalametsa @TeestaSetalvad By the way WTF are you? 🤣,en,[],[],1493177096578895873,1493177096578895873,suswat4,suswat,5,16,https://twitter.com/suswat4/status/1542872042021588992,[],[],0,,FALSE,0,0,0,,None,,,,,,,"[{'screen_name': 'alviinaalametsa', 'name': 'Alviina Alametsä', 'id': '888960558'}, {'screen_name': 'TeestaSetalvad', 'name': 'Teesta Setalvad', 'id': '116372682'}]",,,,,"{""choices"": [""Questioning stature of the speaker (not widely followed)"", ""Misogynistic/slut-shaming""]}",2,295,2022-10-10T09:57:18.391799Z,8.107,0.7287106186,0.7605777565,0.23,0.25,1.2,1.2
31763,1542440102332342278,2022-10-10T16:12:58.145654Z,2022-06-30 21:09:11,200,,"@alviinaalametsa @TeestaSetalvad What hypocrisy! Not one tweet on your own Europe's #MelillaMassacre, and you lecture India. Shame on fake propagandist human-right protectors like you. And shame on your parliament. The differential treatment of refugees from #Ukrain and #Africa says a lot about you people🤬",en,"['melillamassacre', 'ukrain', 'africa']",[],1519449881286479875,1519449881286479875,yubhiarnasa,Yubhiarnasa Kavabrigrata,4,21,https://twitter.com/yubhiarnasa/status/1542586060244500483,[],[],0,,FALSE,0,0,0,,None,,,,,,,"[{'screen_name': 'alviinaalametsa', 'name': 'Alviina Alametsä', 'id': '888960558'}, {'screen_name': 'TeestaSetalvad', 'name': 'Teesta Setalvad', 'id': '116372682'}]",,,,,"{""choices"": [""Delegitimization of foreign speakers"", ""Whataboutism""]}",2,337,2022-10-10T16:12:58.145680Z,16.467,0.6414184221,0.7605777565,0.17,0.25,0.8,1.2
31812,1542440102332342278,2022-10-10T16:40:49.290291Z,2022-07-03 9:03:43,200,,"@alviinaalametsa @TeestaSetalvad When are you pressuring the USA and UK to release Julian Assange, you absolute hypocrite",en,[],[],952592911173996544,952592911173996544,YearOfTheKraken,Sensei Kraken Zero,7,9,https://twitter.com/YearOfTheKraken/status/1543490655162290177,[],[],0,,FALSE,4,0,1,,None,,,,,,,"[{'screen_name': 'alviinaalametsa', 'name': 'Alviina Alametsä', 'id': '888960558'}, {'screen_name': 'TeestaSetalvad', 'name': 'Teesta Setalvad', 'id': '116372682'}]",,,,,Whataboutism,2,386,2022-10-10T16:40:49.290322Z,6.33,0.3061880725,0.7527121552,0.04,0.24,0.2,1.2
31713,1542440102332342278,2022-10-09T19:16:08.588487Z,2022-07-01 19:55:52,200,,@alviinaalametsa @TeestaSetalvad You can take trash like Teesta to your country. Less work for our cleaners.,en,[],[],1466424378288128004,1466424378288128004,soul_with_body,SC,5,19,https://twitter.com/soul_with_body/status/1542929998733946881,[],[],0,,FALSE,0,0,0,,None,,,,,,,"[{'screen_name': 'alviinaalametsa', 'name': 'Alviina Alametsä', 'id': '888960558'}, {'screen_name': 'TeestaSetalvad', 'name': 'Teesta Setalvad', 'id': '116372682'}]",,,,,Delegitimization of foreign speakers,2,287,2022-10-09T19:16:08.588516Z,7.853,0.7611878625,0.7089830786,0.27,0.2,1.4,1
31711,1542440102332342278,2022-10-09T19:15:47.287204Z,2022-07-01 21:14:08,200,,@alviinaalametsa @TeestaSetalvad That activists has millions in account god all should be activists no one die poor or hungry..,en,[],[],195223731,195223731,amitkaul1234,Amit Kaul,5,21,https://twitter.com/amitkaul1234/status/1542949695093256192,[],[],0,,FALSE,0,0,0,,None,,,,,,,"[{'screen_name': 'alviinaalametsa', 'name': 'Alviina Alametsä', 'id': '888960558'}, {'screen_name': 'TeestaSetalvad', 'name': 'Teesta Setalvad', 'id': '116372682'}]",,,,,Delegitimization of foreign speakers,2,285,2022-10-09T19:15:47.287243Z,80.893,0.6414184221,0.7089830786,0.17,0.2,0.8,1
31729,1542440102332342278,2022-10-10T09:59:00.854861Z,2022-07-01 14:08:31,200,,@alviinaalametsa @TeestaSetalvad Mind your own work mrs. Flintstones,en,[],[],1509585004182921231,1509585004182921231,ugendar_raju,Ugendar V,5,14,https://twitter.com/ugendar_raju/status/1542842586871697408,[],[],0,,FALSE,0,0,0,,None,,,,,,,"[{'screen_name': 'alviinaalametsa', 'name': 'Alviina Alametsä', 'id': '888960558'}, {'screen_name': 'TeestaSetalvad', 'name': 'Teesta Setalvad', 'id': '116372682'}]",,,,,"{""choices"": [""Appropriation of “decolonialize” narrative"", ""Misogynistic/slut-shaming""]}",2,303,2022-10-10T09:59:00.854892Z,12.906,0.7053377817,0.7089830786,0.21,0.2,1,1
31737,1542440102332342278,2022-10-10T10:00:33.469114Z,2022-07-01 12:33:57,200,,@alviinaalametsa @TeestaSetalvad 🔥 🔥 🔥 🖕 🖕 🖕,und,[],[],1159857148144177152,1159857148144177152,anashmika,Hind🚩Sanatani,5,12,https://twitter.com/anashmika/status/1542818786960883714,[],[],0,,FALSE,0,0,0,,None,,,,,,,"[{'screen_name': 'alviinaalametsa', 'name': 'Alviina Alametsä', 'id': '888960558'}, {'screen_name': 'TeestaSetalvad', 'name': 'Teesta Setalvad', 'id': '116372682'}]",,,,,Misogynistic/slut-shaming,2,311,2022-10-10T10:00:33.469144Z,3.711,0.7470839771,0.6945161422,0.25,0.19,1.2,1
31778,1542440102332342278,2022-10-10T16:15:50.391891Z,2022-07-02 18:22:54,200,,@alviinaalametsa @TeestaSetalvad Mind your own business. We will decide what is best for our country. Look into your backyards instead of feeling sorry about us. You will get wiped out by the cancer you are importing - you don't even have 10 years!  Your populations are declining &amp; they multiply like rabbits!,en,[],[],195227015,195227015,vinaya_pai,Vinaya Pai 🇮🇳 Jai Shree Krishna 🙏,6,18,https://twitter.com/vinaya_pai/status/1543268988373069824,[],[],0,,FALSE,4,0,0,,None,,,,,,,"[{'screen_name': 'alviinaalametsa', 'name': 'Alviina Alametsä', 'id': '888960558'}, {'screen_name': 'TeestaSetalvad', 'name': 'Teesta Setalvad', 'id': '116372682'}]",,,,,Delegitimization of foreign speakers,2,352,2022-10-10T16:15:50.391919Z,19.846,0.3626456412,0.6945161422,0.06,0.19,0.3,1
31777,1542440102332342278,2022-10-10T16:15:29.016011Z,2022-07-02 22:47:20,200,,@alviinaalametsa @TeestaSetalvad Only if @miakhalifa condemns this we can consider further on @TeestaSetalvad. We don't know who you are &amp; has no locus standii in Indian matters.,en,[],[],866270838391099392,866270838391099392,vasudev12498056,His Holiness Sadguru Sri Sri Rasputin Baba,6,22,https://twitter.com/vasudev12498056/status/1543335537557192704,[],[],0,,FALSE,5,0,0,,None,,,,,,,"[{'screen_name': 'alviinaalametsa', 'name': 'Alviina Alametsä', 'id': '888960558'}, {'screen_name': 'TeestaSetalvad', 'name': 'Teesta Setalvad', 'id': '116372682'}]",,,,,"{""choices"": [""Questioning stature of the speaker (not widely followed)"", ""Misogynistic/slut-shaming""]}",2,351,2022-10-10T16:15:29.016042Z,13.718,0.621687024,0.6945161422,0.16,0.19,0.8,1
31776,1542440102332342278,2022-10-10T16:15:13.772616Z,2022-07-02 22:54:59,200,,@alviinaalametsa @TeestaSetalvad Do you think Finland can screw up India like they screwed up SriLanka by supporting &amp; arming LTTE.,en,[],[],866270838391099392,866270838391099392,vasudev12498056,His Holiness Sadguru Sri Sri Rasputin Baba,6,22,https://twitter.com/vasudev12498056/status/1543337463623471104,[],[],0,,FALSE,5,2,0,,None,,,,,,,"[{'screen_name': 'alviinaalametsa', 'name': 'Alviina Alametsä', 'id': '888960558'}, {'screen_name': 'TeestaSetalvad', 'name': 'Teesta Setalvad', 'id': '116372682'}]",,,,,"{""choices"": [""Delegitimization of foreign speakers"", ""Whataboutism""]}",2,350,2022-10-10T16:15:13.772644Z,16.827,0.621687024,0.6945161422,0.16,0.19,0.8,1
31725,1542440102332342278,2022-10-10T09:58:03.524403Z,2022-07-01 15:51:33,200,,"@alviinaalametsa @TeestaSetalvad You mean the ""activist"" who filed false complaints to implicate a man and to steal huge amount of donation money in her so-called victims name? Who paid you to support such a criminal?",en,[],[],6987882,6987882,angsuman,Angsuman Chakraborty,5,15,https://twitter.com/angsuman/status/1542868513546997762,[],[],0,,FALSE,0,0,0,,None,,,,,,,"[{'screen_name': 'alviinaalametsa', 'name': 'Alviina Alametsä', 'id': '888960558'}, {'screen_name': 'TeestaSetalvad', 'name': 'Teesta Setalvad', 'id': '116372682'}]",,,,,"{""choices"": [""Alleged “ulterior motives” of the speaker"", ""Delegitimization as speaker may not be considered an  “expert”""]}",2,299,2022-10-10T09:58:03.524432Z,14.152,0.553972572,0.6945161422,0.13,0.19,0.6,1
31744,1542440102332342278,2022-10-10T10:01:50.383076Z,2022-06-30 22:56:14,200,,@alviinaalametsa @TeestaSetalvad Any comment on EU human rights record ???,en,[],[],4666930790,4666930790,guptasgp,Prabhat Gupta,4,22,https://twitter.com/guptasgp/status/1542613001924390912,[],[],0,,FALSE,0,0,0,,None,,,,,,,"[{'screen_name': 'alviinaalametsa', 'name': 'Alviina Alametsä', 'id': '888960558'}, {'screen_name': 'TeestaSetalvad', 'name': 'Teesta Setalvad', 'id': '116372682'}]",,,,,Whataboutism,2,318,2022-10-10T10:01:50.383108Z,4.306,0.4197222422,0.678486427,0.08,0.18,0.4,0.9
31731,1542440102332342278,2022-10-10T09:59:21.218931Z,2022-07-01 13:54:22,200,,@alviinaalametsa @TeestaSetalvad Mind your business please,en,[],[],71320796,71320796,Subracadabra,Instant Karma !🇮🇳,5,13,https://twitter.com/Subracadabra/status/1542839024280571905,[],[],0,,FALSE,0,0,0,,None,,,,,,,"[{'screen_name': 'alviinaalametsa', 'name': 'Alviina Alametsä', 'id': '888960558'}, {'screen_name': 'TeestaSetalvad', 'name': 'Teesta Setalvad', 'id': '116372682'}]",,,,,Delegitimization of foreign speakers,2,305,2022-10-10T09:59:21.218970Z,4.596,0.7717813288,0.6608500314,0.29,0.17,1.4,0.8
31749,1542440102332342278,2022-10-10T16:10:01.528543Z,2022-06-30 22:11:27,200,,@alviinaalametsa @TeestaSetalvad Sorry but you can do nothing 😂😂😂😂,en,[],[],1536271789310894080,1536271789310894080,K29237257Kumar,Pratik Kumar,4,22,https://twitter.com/K29237257Kumar/status/1542601731770441728,[],[],0,,FALSE,0,0,0,,None,,,,,,,"[{'screen_name': 'alviinaalametsa', 'name': 'Alviina Alametsä', 'id': '888960558'}, {'screen_name': 'TeestaSetalvad', 'name': 'Teesta Setalvad', 'id': '116372682'}]",,,,,Questioning stature of the speaker (not widely followed),2,323,2022-10-10T16:10:01.528574Z,8.476,0.7287106186,0.5982419967,0.23,0.14,1.2,0.7
31796,1542440102332342278,2022-10-10T16:19:19.334019Z,2022-07-02 4:34:18,200,,@alviinaalametsa @TeestaSetalvad Get your eyes tested and brain checked. You seem to be colour blind suffering from selective dementia.,en,[],[],2343659334,2343659334,Parthabolt,Prof Parthasarathi,6,4,https://twitter.com/Parthabolt/status/1543060465815027713,[],[],0,,FALSE,0,0,0,,None,,,,,,,"[{'screen_name': 'alviinaalametsa', 'name': 'Alviina Alametsä', 'id': '888960558'}, {'screen_name': 'TeestaSetalvad', 'name': 'Teesta Setalvad', 'id': '116372682'}]",,,,,Misogynistic/slut-shaming,2,370,2022-10-10T16:19:19.334047Z,7.294,0.7874002197,0.5982419967,0.34,0.14,1.7,0.7
31790,1542440102332342278,2022-10-10T16:18:11.263938Z,2022-07-02 15:49:41,200,,@alviinaalametsa @TeestaSetalvad Mind you own business,en,[],[],214821232,214821232,jayyerra,Jayram Yerra🇮🇳,6,15,https://twitter.com/jayyerra/status/1543230432971345921,[],[],0,,FALSE,0,0,0,,None,,,,,,,"[{'screen_name': 'alviinaalametsa', 'name': 'Alviina Alametsä', 'id': '888960558'}, {'screen_name': 'TeestaSetalvad', 'name': 'Teesta Setalvad', 'id': '116372682'}]",,,,,Delegitimization of foreign speakers,2,364,2022-10-10T16:18:11.263966Z,4.108,0.4479465576,0.5982419967,0.09,0.14,0.4,0.7
31766,1542440102332342278,2022-10-10T16:13:17.951028Z,2022-06-30 20:41:15,200,,@alviinaalametsa @TeestaSetalvad Racist EU...white supermacist abusing indian.,en,[],[],1354024475466100736,1354024475466100736,Ravi13656680,R€B€£☠️☠️☠️,4,20,https://twitter.com/Ravi13656680/status/1542579030079066112,[],[],0,,FALSE,0,0,0,,None,,,,,,,"[{'screen_name': 'alviinaalametsa', 'name': 'Alviina Alametsä', 'id': '888960558'}, {'screen_name': 'TeestaSetalvad', 'name': 'Teesta Setalvad', 'id': '116372682'}]",,,,,"{""choices"": [""Delegitimization of foreign speakers"", ""Appropriation of “decolonialize” narrative""]}",2,340,2022-10-10T16:13:17.951054Z,7.449,0.7287106186,0.5982419967,0.23,0.14,1.2,0.7
31771,1542440102332342278,2022-10-10T16:14:14.077889Z,2022-06-30 20:27:33,200,,@alviinaalametsa @TeestaSetalvad Tumhe kisane chheda?,hi,[],[],700390286,700390286,chhatra_pal,Verma Chhatra Pal,4,20,https://twitter.com/chhatra_pal/status/1542575583305113600,[],[],0,,FALSE,0,0,0,,None,,,,,,,"[{'screen_name': 'alviinaalametsa', 'name': 'Alviina Alametsä', 'id': '888960558'}, {'screen_name': 'TeestaSetalvad', 'name': 'Teesta Setalvad', 'id': '116372682'}]",,,,,Misogynistic/slut-shaming,2,345,2022-10-10T16:14:14.077917Z,7.327,0.7920317686,0.5742686033,0.37,0.13,1.8,0.6
31786,1542440102332342278,2022-10-10T16:17:41.227971Z,2022-07-02 15:56:25,200,,"@alviinaalametsa @TeestaSetalvad Is it the latest fashion trend in west? All of a sudden India became fascist and west became saint. Is earth rotating normally? Seriously, madam, stop lies, bluff and nonsense; take a hike and move on to lie about some other country ( i know u won't set ur home anyway)",en,[],[],149488266,149488266,vijay1440,Vijay,6,15,https://twitter.com/vijay1440/status/1543232126996254720,[],[],0,,FALSE,0,0,0,,None,,,,,,,"[{'screen_name': 'alviinaalametsa', 'name': 'Alviina Alametsä', 'id': '888960558'}, {'screen_name': 'TeestaSetalvad', 'name': 'Teesta Setalvad', 'id': '116372682'}]",,,,,Delegitimization of foreign speakers,2,360,2022-10-10T16:17:41.228001Z,22.283,0.3061880725,0.5742686033,0.04,0.13,0.2,0.6
31714,1542440102332342278,2022-10-09T19:16:20.978793Z,2022-07-01 19:05:26,200,,@alviinaalametsa @TeestaSetalvad I would like to respectfully ask this white blonde lady to mind her own business and not interfere in a sovereign country's internal affairs.,en,[],[],1285874116294107136,1285874116294107136,engineer631480,sidharth,5,19,https://twitter.com/engineer631480/status/1542917307974172673,[],[],0,,FALSE,0,0,0,,None,,,,,,,"[{'screen_name': 'alviinaalametsa', 'name': 'Alviina Alametsä', 'id': '888960558'}, {'screen_name': 'TeestaSetalvad', 'name': 'Teesta Setalvad', 'id': '116372682'}]",,,,,"{""choices"": [""Delegitimization of foreign speakers"", ""Appropriation of “decolonialize” narrative"", ""Misogynistic/slut-shaming""]}",2,288,2022-10-09T19:16:38.243944Z,26.774,0.5778862084,0.5742686033,0.14,0.13,0.7,0.6
31809,1542440102332342278,2022-10-10T16:40:16.166894Z,2022-07-03 10:42:40,200,,@alviinaalametsa @TeestaSetalvad Brave yourself! Get some ice cream and dark chocolate it’s gonna get worse for them!,en,[],[],992775191607492609,992775191607492609,zeero2Infinity,Sridhar Ravirajendran(Damodaran),7,10,https://twitter.com/zeero2Infinity/status/1543515557059629056,[],[],0,,FALSE,5,0,0,,None,,,,,,,"[{'screen_name': 'alviinaalametsa', 'name': 'Alviina Alametsä', 'id': '888960558'}, {'screen_name': 'TeestaSetalvad', 'name': 'Teesta Setalvad', 'id': '116372682'}]",,,,,Misogynistic/slut-shaming,2,383,2022-10-10T16:40:16.166921Z,11.892,0.6004883263,0.5488888158,0.15,0.12,0.8,0.6
31759,1542440102332342278,2022-10-10T16:12:06.242288Z,2022-06-30 21:27:42,200,,@alviinaalametsa @VilleNiinisto @TeestaSetalvad Voi Alviina pitääkö eurooppalaisten kansojen puuttua toisten maitten ihmisoikeuksiinkin. Intia hoitaa omat asiansa eikä kuulu Eurooppaan,fi,[],[],1362358347580727300,1362358347580727300,EjaWiese,Eja Wiese,4,21,https://twitter.com/EjaWiese/status/1542590721601032193,[],[],0,,FALSE,0,0,0,,None,,,,,,,"[{'screen_name': 'alviinaalametsa', 'name': 'Alviina Alametsä', 'id': '888960558'}, {'screen_name': 'VilleNiinisto', 'name': 'Ville Niinistö', 'id': '333954467'}, {'screen_name': 'TeestaSetalvad', 'name': 'Teesta Setalvad', 'id': '116372682'}]",,,,,Delegitimization of foreign speakers,2,333,2022-10-10T16:12:06.242315Z,23.381,0.7470839771,0.5488888158,0.25,0.12,1.2,0.6
31818,1542440102332342278,2022-10-10T16:41:52.381268Z,2022-07-04 9:29:40,200,,@alviinaalametsa @TeestaSetalvad Europe human rights situation is getting worse day by day. Added to it is rampant racialism and spuermacism. Jehadis and terrorists are finding open support from some European countries and high net worth individuals. They are indulging in human right violations funded by OIC.,en,[],[],1004660582807556097,1004660582807556097,Krish23153332,हम मोदी बानी🇮🇳,1,9,https://twitter.com/Krish23153332/status/1543859574070845440,[],[],0,,FALSE,2,0,1,,None,,,,,,,"[{'screen_name': 'alviinaalametsa', 'name': 'Alviina Alametsä', 'id': '888960558'}, {'screen_name': 'TeestaSetalvad', 'name': 'Teesta Setalvad', 'id': '116372682'}]",,,,,"{""choices"": [""Delegitimization of foreign speakers"", ""Alleged “ulterior motives” of the speaker"", ""Appropriation of “decolonialize” narrative"", ""Whataboutism""]}",2,392,2022-10-10T16:41:52.381300Z,16.109,0.7384783166,0.5488888158,0.24,0.12,1.2,0.6
31801,1542440102332342278,2022-10-10T16:38:39.151923Z,2022-07-03 16:41:05,200,,"@alviinaalametsa @Dipdil @TeestaSetalvad Kanhaiyalal, umesh kolhe, yash rastogi, nikita tomar, kishan bharwad, anurag poddar, rupesh pandey are some hindus killed by jehadis. Read their story as primer for ""whats happening in india"".",en,[],[],1243879450535698433,1243879450535698433,HimanilP,Himanil pandya,7,16,https://twitter.com/HimanilP/status/1543605756628385794,[],[],0,,FALSE,1,1,0,,None,,,,,,,"[{'screen_name': 'alviinaalametsa', 'name': 'Alviina Alametsä', 'id': '888960558'}, {'screen_name': 'Dipdil', 'name': 'Dipiya Dilawari', 'id': '111112372'}, {'screen_name': 'TeestaSetalvad', 'name': 'Teesta Setalvad', 'id': '116372682'}]",,,,,Whataboutism,2,375,2022-10-10T16:38:39.151951Z,8.61,0.5288664776,0.5222398722,0.12,0.11,0.6,0.6
31793,1542440102332342278,2022-10-10T16:18:45.845301Z,2022-07-02 6:59:50,200,,@alviinaalametsa @TeestaSetalvad Learn some basic facts of the case.,en,[],[],131518468,131518468,Chaiths_R,"Overspeeding = Crime, bigger crime.",6,6,https://twitter.com/Chaiths_R/status/1543097089797672961,[],[],0,,FALSE,0,0,0,,None,,,,,,,"[{'screen_name': 'alviinaalametsa', 'name': 'Alviina Alametsä', 'id': '888960558'}, {'screen_name': 'TeestaSetalvad', 'name': 'Teesta Setalvad', 'id': '116372682'}]",,,,,Delegitimization as speaker may not be considered an  “expert”,2,367,2022-10-10T16:18:45.845330Z,4.56,0.4479465576,0.5222398722,0.09,0.11,0.4,0.6
31761,1542440102332342278,2022-10-10T16:12:20.959726Z,2022-06-30 21:22:39,200,,@alviinaalametsa @annavetticad @TeestaSetalvad Remuneration received. 🤣🤣🤣  https://t.co/WQaFQCLWG4,en,[],[],901522765165072385,901522765165072385,VikramBarhat,Gems of Touchwood ❼ ,4,21,https://twitter.com/VikramBarhat/status/1542589451725053953,[],['https://pbs.twimg.com/tweet_video_thumb/FWhg7Y9WYAIxSyO.jpg'],1,https://pbs.twimg.com/tweet_video_thumb/FWhg7Y9WYAIxSyO.jpg,FALSE,0,0,0,,None,,,,,,,"[{'screen_name': 'alviinaalametsa', 'name': 'Alviina Alametsä', 'id': '888960558'}, {'screen_name': 'annavetticad', 'name': 'Anna MM Vetticad', 'id': '64526820'}, {'screen_name': 'TeestaSetalvad', 'name': 'Teesta Setalvad', 'id': '116372682'}]",,,,,Alleged “ulterior motives” of the speaker,2,335,2022-10-10T16:12:20.959770Z,6.028,0.2787259978,0.5222398722,0.03,0.11,0.2,0.6
31794,1542440102332342278,2022-10-10T16:18:55.912596Z,2022-07-02 5:02:18,200,,"@alviinaalametsa @TeestaSetalvad Why don't you people see human rights violations happening daily in Pakistan, Afghanistan, China.  Why don't you raise your voice on this subject?  After all, what is the matter of  interest in India?  How long will you live in this dual mindset in the name of human rights?",en,[],[],260688270,260688270,rajeshvastu,rajesh sharma,6,5,https://twitter.com/rajeshvastu/status/1543067512153092096,[],[],0,,FALSE,0,0,0,,None,,,,,,,"[{'screen_name': 'alviinaalametsa', 'name': 'Alviina Alametsä', 'id': '888960558'}, {'screen_name': 'TeestaSetalvad', 'name': 'Teesta Setalvad', 'id': '116372682'}]",,,,,Whataboutism,2,368,2022-10-10T16:18:55.912623Z,8.661,0.7759887465,0.4944907275,0.3,0.1,1.5,0.5
31752,1542440102332342278,2022-10-10T16:10:35.158435Z,2022-06-30 21:56:07,200,,@alviinaalametsa @TeestaSetalvad How much money have you received for this tweet? We know that You are just filling your pockets like Greta and Mia khalifa.,en,[],[],108362813,108362813,amit_zz,Amit M,4,21,https://twitter.com/amit_zz/status/1542597872310292481,[],[],0,,FALSE,28,0,0,,None,,,,,,,"[{'screen_name': 'alviinaalametsa', 'name': 'Alviina Alametsä', 'id': '888960558'}, {'screen_name': 'TeestaSetalvad', 'name': 'Teesta Setalvad', 'id': '116372682'}]",,,,,Alleged “ulterior motives” of the speaker,2,326,2022-10-10T16:10:35.158472Z,10.332,0.3912159239,0.4944907275,0.07,0.1,0.4,0.5
31795,1542440102332342278,2022-10-10T16:19:10.582563Z,2022-07-02 4:58:48,200,,"@alviinaalametsa @TeestaSetalvad Do you know about her in detail?  What should be the meaning of supporting one who brings political instability in a country?  Who gave you the right to interfere in the internal affairs of a country, that too without detailed information.",en,[],[],260688270,260688270,rajeshvastu,rajesh sharma,6,4,https://twitter.com/rajeshvastu/status/1543066631080800258,[],[],0,,FALSE,0,0,0,,None,,,,,,,"[{'screen_name': 'alviinaalametsa', 'name': 'Alviina Alametsä', 'id': '888960558'}, {'screen_name': 'TeestaSetalvad', 'name': 'Teesta Setalvad', 'id': '116372682'}]",,,,,"{""choices"": [""Delegitimization of foreign speakers"", ""Delegitimization as speaker may not be considered an  “expert”""]}",2,369,2022-10-10T16:19:10.582601Z,12.952,0.7759887465,0.4944907275,0.3,0.1,1.5,0.5
31735,1542440102332342278,2022-10-10T10:00:18.493486Z,2022-07-01 12:54:45,200,,"@alviinaalametsa @TeestaSetalvad Madam, please we are too full of your propagandas and politics. If you want Indian cooperation then don't meddle in our affairs. Do we involve in your country's affairs?",en,[],[],1301098695090298880,1301098695090298880,shanthala_kumar,shanthala kumar🇮🇳,5,12,https://twitter.com/shanthala_kumar/status/1542824020177211393,[],[],0,,FALSE,0,0,0,,None,,,,,,,"[{'screen_name': 'alviinaalametsa', 'name': 'Alviina Alametsä', 'id': '888960558'}, {'screen_name': 'TeestaSetalvad', 'name': 'Teesta Setalvad', 'id': '116372682'}]",,,,,"{""choices"": [""Delegitimization of foreign speakers"", ""Appropriation of “decolonialize” narrative""]}",2,309,2022-10-10T10:00:18.493519Z,13.387,0.6763619065,0.4944907275,0.19,0.1,1,0.5
31783,1542440102332342278,2022-10-10T16:16:57.532288Z,2022-07-02 16:05:42,200,,@alviinaalametsa @TeestaSetalvad Absurdity limitless. EU has no courage to ask OIC to review their stand on aggressive postures by some of them against other faiths. Can EU pass a resolution that EVERY1 has freedom to follow their faith n none should hurt others' faith?,en,[],[],181519854,181519854,pairamblr,ram mohan,6,16,https://twitter.com/pairamblr/status/1543234460799229952,[],[],0,,FALSE,2,0,0,,None,,,,,,,"[{'screen_name': 'alviinaalametsa', 'name': 'Alviina Alametsä', 'id': '888960558'}, {'screen_name': 'TeestaSetalvad', 'name': 'Teesta Setalvad', 'id': '116372682'}]",,,,,Whataboutism,2,357,2022-10-10T16:16:57.532317Z,11.768,0.4197222422,0.4658392474,0.08,0.09,0.4,0.4
31797,1542440102332342278,2022-10-10T16:19:36.693781Z,2022-07-03 20:56:03,200,,@alviinaalametsa RUBBISH   You are supporting someone who is proved guilty by the court driven investigation. This speaks volumes about yourself and the kind of people you connect.,en,[],[],779240994923352065,779240994923352065,roshovani,Rohit,7,20,https://twitter.com/roshovani/status/1543669921082908672,[],[],0,,FALSE,1,0,0,,None,,,,,,,"[{'screen_name': 'alviinaalametsa', 'name': 'Alviina Alametsä', 'id': '888960558'}]",,,,,Delegitimization as speaker may not be considered an  “expert”,2,371,2022-10-10T16:19:36.693808Z,15.797,0.3342309005,0.4658392474,0.05,0.09,0.2,0.4
31745,1542440102332342278,2022-10-10T16:09:07.387814Z,2022-06-30 22:41:42,200,,"@alviinaalametsa Stop interfering in internal matters of India. Does EU protect criminal conspirators and people falsifying evidences ? If that's the nature of EU, that is a relation India wouldn't want. Human Rights and Human Rights ""defenders"" are entirely different things.",en,[],[],120384523,120384523,Arjun_S_R,Arjun S R 🇮🇳,4,22,https://twitter.com/Arjun_S_R/status/1542609341923983361,[],[],0,,FALSE,0,1,0,,None,,,,,,,"[{'screen_name': 'alviinaalametsa', 'name': 'Alviina Alametsä', 'id': '888960558'}]",,,,,"{""choices"": [""Delegitimization of foreign speakers"", ""Whataboutism""]}",2,319,2022-10-10T16:09:16.373722Z,22042.871,0.3626456412,0.4658392474,0.06,0.09,0.3,0.4
31817,1542440102332342278,2022-10-10T16:41:34.575607Z,2022-07-04 10:48:54,200,,@alviinaalametsa @TeestaSetalvad Why you are working about India? We are here to take care of our nation. We no need you.,en,[],[],149096774,149096774,tarunsharma005,Tarun Sharma,1,10,https://twitter.com/tarunsharma005/status/1543879514526081024,[],[],0,,FALSE,1,0,0,,None,,,,,,,"[{'screen_name': 'alviinaalametsa', 'name': 'Alviina Alametsä', 'id': '888960558'}, {'screen_name': 'TeestaSetalvad', 'name': 'Teesta Setalvad', 'id': '116372682'}]",,,,,Delegitimization of foreign speakers,2,391,2022-10-10T16:41:34.575636Z,9.715,0.7759887465,0.4067397856,0.3,0.07,1.5,0.4
31782,1542440102332342278,2022-10-10T16:16:44.358894Z,2022-07-02 16:18:27,200,,"@alviinaalametsa @TeestaSetalvad Aaaawwwww it's so cute that you are saddened. Stop interfering in other countries and you won't be sad.  In any case, India neither cares for your propaganda nor for your support of a criminal who has forged documents and committed perjury.",en,[],[],273766075,273766075,tellitaly,Tellit Likeitis 🇮🇳 🚩,6,16,https://twitter.com/tellitaly/status/1543237670293237760,[],[],0,,FALSE,0,0,0,,None,,,,,,,"[{'screen_name': 'alviinaalametsa', 'name': 'Alviina Alametsä', 'id': '888960558'}, {'screen_name': 'TeestaSetalvad', 'name': 'Teesta Setalvad', 'id': '116372682'}]",,,,,Delegitimization of foreign speakers,2,356,2022-10-10T16:16:44.358921Z,11.068,0.3061880725,0.4067397856,0.04,0.07,0.2,0.4
31707,1542440102332342278,2022-10-09T19:12:31.707043Z,2022-07-02 0:39:10,200,,"@alviinaalametsa @TeestaSetalvad Oh your pain lies there, then rightly she is being punished for being associated with you.  In India there is law that nobody shall by malafide means use law against any innocent as a tool to defame and cause harassment.  Allow her wills to be scrutinized on the desk ...✍️",en,[],[],350070490,350070490,DrBharatbhushan,BharatBhushan,6,0,https://twitter.com/DrBharatbhushan/status/1543001295040450560,[],[],0,,FALSE,0,0,0,,None,,,,,,,"[{'screen_name': 'alviinaalametsa', 'name': 'Alviina Alametsä', 'id': '888960558'}, {'screen_name': 'TeestaSetalvad', 'name': 'Teesta Setalvad', 'id': '116372682'}]",,,,,"{""choices"": [""Delegitimization of foreign speakers"", ""Unrecoganisable""]}",2,282,2022-10-09T19:12:31.707073Z,51.151,0.6763619065,0.4067397856,0.19,0.07,1,0.4
31816,1542440102332342278,2022-10-10T16:41:22.665916Z,2022-07-03 7:01:28,200,,@alviinaalametsa @TeestaSetalvad Don't poke your nose in matters which is not urs...... Take care of your own country n people,en,[],[],135864191,135864191,ShekharrG,$om,7,7,https://twitter.com/ShekharrG/status/1543459891305517056,[],[],0,,FALSE,8,0,3,,None,,,,,,,"[{'screen_name': 'alviinaalametsa', 'name': 'Alviina Alametsä', 'id': '888960558'}, {'screen_name': 'TeestaSetalvad', 'name': 'Teesta Setalvad', 'id': '116372682'}]",,,,,Delegitimization of foreign speakers,2,390,2022-10-10T16:41:22.665947Z,4.446,0.4479465576,0.3767899639,0.09,0.06,0.4,0.3
31762,1542440102332342278,2022-10-10T16:12:40.130947Z,2022-06-30 21:18:49,200,,"@alviinaalametsa @TeestaSetalvad Finland is the same country where you people burn and tear Quran for nothing, isn't it?  Learn to respect the religions in your own country first, come with clean hands useless noob woman.  Allah Hu Akbar!! 👍",en,[],[],98121681,98121681,abhiawakes,Abhishek,4,21,https://twitter.com/abhiawakes/status/1542588484304510976,[],[],0,,FALSE,0,0,0,,None,,,,,,,"[{'screen_name': 'alviinaalametsa', 'name': 'Alviina Alametsä', 'id': '888960558'}, {'screen_name': 'TeestaSetalvad', 'name': 'Teesta Setalvad', 'id': '116372682'}]",,,,,"{""choices"": [""Delegitimization of foreign speakers"", ""Misogynistic/slut-shaming"", ""Whataboutism""]}",2,336,2022-10-10T16:12:40.130978Z,17.714,0.6004883263,0.3767899639,0.15,0.06,0.8,0.3
31734,1542440102332342278,2022-10-10T10:00:03.395766Z,2022-07-01 12:57:33,200,,"@alviinaalametsa @TeestaSetalvad Ohh please we don't want to do trade again with Colonials....last time they came for trade, they made us slaves",en,[],[],154549118,154549118,ib4uanytime,susant  parida,5,12,https://twitter.com/ib4uanytime/status/1542824723444563968,[],[],0,,FALSE,0,0,0,,None,,,,,,,"[{'screen_name': 'alviinaalametsa', 'name': 'Alviina Alametsä', 'id': '888960558'}, {'screen_name': 'TeestaSetalvad', 'name': 'Teesta Setalvad', 'id': '116372682'}]",,,,,Appropriation of “decolonialize” narrative,2,308,2022-10-10T10:00:03.395795Z,11.04,0.621687024,0.3469210182,0.16,0.05,0.8,0.2
31806,1542440102332342278,2022-10-10T16:39:44.584140Z,2022-07-03 11:46:45,200,,@alviinaalametsa @TeestaSetalvad You all are part of same cabal funded by dubious means espousing shit when you don’t know a shit about what is happening in India,en,[],[],1161865927337496576,1161865927337496576,IndiaFirst2022,IndiaFirst 🇮🇳,7,11,https://twitter.com/IndiaFirst2022/status/1543531682258915328,[],[],0,,FALSE,0,0,0,,None,,,,,,,"[{'screen_name': 'alviinaalametsa', 'name': 'Alviina Alametsä', 'id': '888960558'}, {'screen_name': 'TeestaSetalvad', 'name': 'Teesta Setalvad', 'id': '116372682'}]",,,,,Alleged “ulterior motives” of the speaker,2,380,2022-10-10T16:39:44.584177Z,8.527,0.3061880725,0.3469210182,0.04,0.05,0.2,0.2
31758,1542440102332342278,2022-10-10T16:11:41.254106Z,2022-06-30 21:28:25,200,,@alviinaalametsa @TeestaSetalvad Hope Finland gets scre*ed by Russia,en,[],[],3384923405,3384923405,dcemeterygirl,dcemeterygirl,4,21,https://twitter.com/dcemeterygirl/status/1542590899942789124,[],[],0,,FALSE,0,0,0,,None,,,,,,,"[{'screen_name': 'alviinaalametsa', 'name': 'Alviina Alametsä', 'id': '888960558'}, {'screen_name': 'TeestaSetalvad', 'name': 'Teesta Setalvad', 'id': '116372682'}]",,,,,Misogynistic/slut-shaming,2,332,2022-10-10T16:11:41.254134Z,9.811,0.4197222422,0.3173945014,0.08,0.04,0.4,0.2
31769,1542440102332342278,2022-10-10T16:13:50.721445Z,2022-06-30 20:30:45,200,,@alviinaalametsa @TeestaSetalvad Why the hell should someone like you interfere into our matters.. Just Stay away… India is a democratic country and it shall take care of its internal matters .. Pls get your job right and stop interfering .,en,[],[],1105076571998543873,1105076571998543873,MohanKumarL11,Mohan Kumar L,4,20,https://twitter.com/MohanKumarL11/status/1542576389207265280,[],[],0,,FALSE,0,0,0,,None,,,,,,,"[{'screen_name': 'alviinaalametsa', 'name': 'Alviina Alametsä', 'id': '888960558'}, {'screen_name': 'TeestaSetalvad', 'name': 'Teesta Setalvad', 'id': '116372682'}]",,,,,Delegitimization of foreign speakers,2,343,2022-10-10T16:13:50.721494Z,8.166,0.4756769663,0.3173945014,0.1,0.04,0.5,0.2
31738,1542440102332342278,2022-10-10T10:00:40.317507Z,2022-07-01 12:13:27,200,,@alviinaalametsa @sagarikaghose @TeestaSetalvad You have to take care of your country ...,en,[],[],3099469722,3099469722,VickyHanumant,VICKY GUSAIN,5,12,https://twitter.com/VickyHanumant/status/1542813625835929602,[],[],0,,FALSE,0,0,0,,None,,,,,,,"[{'screen_name': 'alviinaalametsa', 'name': 'Alviina Alametsä', 'id': '888960558'}, {'screen_name': 'sagarikaghose', 'name': 'Sagarika Ghose', 'id': '56312411'}, {'screen_name': 'TeestaSetalvad', 'name': 'Teesta Setalvad', 'id': '116372682'}]",,,,,Delegitimization of foreign speakers,2,312,2022-10-10T10:00:40.317553Z,5.34,0.7920317686,0.3173945014,0.37,0.04,1.8,0.2
31733,1542440102332342278,2022-10-10T09:59:50.873130Z,2022-07-01 13:16:11,200,,"@alviinaalametsa @TeestaSetalvad I really like Finland and Finnish people. But clearly, not all of them care to educate themselves about India and its problems and instead choose to make ignorant, ill informed statements with no respect for our judicial process.",en,[],[],254043839,254043839,SachinDPatange,Daisycutter,5,13,https://twitter.com/SachinDPatange/status/1542829414815109120,[],[],0,,FALSE,0,0,0,,None,,,,,,,"[{'screen_name': 'alviinaalametsa', 'name': 'Alviina Alametsä', 'id': '888960558'}, {'screen_name': 'TeestaSetalvad', 'name': 'Teesta Setalvad', 'id': '116372682'}]",,,,,"{""choices"": [""Delegitimization of foreign speakers"", ""Delegitimization as speaker may not be considered an  “expert”""]}",2,307,2022-10-10T09:59:50.873158Z,12.259,0.3342309005,0.3173945014,0.05,0.04,0.2,0.2
31815,1542440102332342278,2022-10-10T16:41:16.349724Z,2022-07-03 7:01:53,200,,@alviinaalametsa @TeestaSetalvad Who are you?,en,[],[],86547610,86547610,Sunishen,🇮🇳 Sunil Shenoy,7,7,https://twitter.com/Sunishen/status/1543459994229608449,[],[],0,,FALSE,1,0,1,,None,,,,,,,"[{'screen_name': 'alviinaalametsa', 'name': 'Alviina Alametsä', 'id': '888960558'}, {'screen_name': 'TeestaSetalvad', 'name': 'Teesta Setalvad', 'id': '116372682'}]",,,,,Questioning stature of the speaker (not widely followed),2,389,2022-10-10T16:41:16.349754Z,3.07,0.2520419704,0.288463897,0.02,0.03,0.1,0.2
31805,1542440102332342278,2022-10-10T16:39:34.590154Z,2022-07-03 12:27:20,200,,@alviinaalametsa @TeestaSetalvad U may very well remain saddened - One neither knows u nor does one care two fcuks! Ms. TS has been found by SC to have indulged in serious infractions. She has been arrested to help get to the bottom of this mystery. Also on another note - it's actually none of ur bloody business,en,[],[],269327624,269327624,bhanuvarma007,Bhanu,7,12,https://twitter.com/bhanuvarma007/status/1543541894961315840,[],[],0,,FALSE,0,0,0,,None,,,,,,,"[{'screen_name': 'alviinaalametsa', 'name': 'Alviina Alametsä', 'id': '888960558'}, {'screen_name': 'TeestaSetalvad', 'name': 'Teesta Setalvad', 'id': '116372682'}]",,,,,"{""choices"": [""Delegitimization of foreign speakers"", ""Questioning stature of the speaker (not widely followed)"", ""Misogynistic/slut-shaming""]}",2,379,2022-10-10T16:39:34.590187Z,16.679,0.3342309005,0.288463897,0.05,0.03,0.2,0.2
31736,1542440102332342278,2022-10-10T10:00:27.803027Z,2022-07-01 12:47:29,200,,@alviinaalametsa @TeestaSetalvad Oops I think someone forgot to update you that you don't 0wn us. It's our internal matter and will be taken up as per law of the land.,en,[],[],1139257408880967680,1139257408880967680,woke_less,Ria (Blank) 🇮🇳,5,12,https://twitter.com/woke_less/status/1542822190017495041,[],[],0,,FALSE,8,0,1,,None,,,,,,,"[{'screen_name': 'alviinaalametsa', 'name': 'Alviina Alametsä', 'id': '888960558'}, {'screen_name': 'TeestaSetalvad', 'name': 'Teesta Setalvad', 'id': '116372682'}]",,,,,"{""choices"": [""Delegitimization of foreign speakers"", ""Appropriation of “decolonialize” narrative""]}",2,310,2022-10-10T10:00:27.803072Z,7.691,0.2787259978,0.288463897,0.03,0.03,0.2,0.2
31730,1542440102332342278,2022-10-10T09:59:14.953553Z,2022-07-01 14:04:00,200,,@alviinaalametsa @TeestaSetalvad We dint ask for opinions from you or the likes.  Set your house in order!!!,en,[],[],2375328692,2375328692,DiVpops,Divya Mukundan,5,14,https://twitter.com/DiVpops/status/1542841448021872641,[],[],0,,FALSE,0,0,0,,None,,,,,,,"[{'screen_name': 'alviinaalametsa', 'name': 'Alviina Alametsä', 'id': '888960558'}, {'screen_name': 'TeestaSetalvad', 'name': 'Teesta Setalvad', 'id': '116372682'}]",,,,,"{""choices"": [""Delegitimization of foreign speakers"", ""Delegitimization as speaker may not be considered an  “expert”"", ""Appropriation of “decolonialize” narrative""]}",2,304,2022-10-10T09:59:14.953582Z,12.538,0.3061880725,0.2603678379,0.04,0.02,0.2,0.1
31720,1542440102332342278,2022-10-10T09:57:08.265156Z,2022-07-01 16:24:12,200,,"@alviinaalametsa @TeestaSetalvad I’m saddened by the worsening human rights situation in USA &amp; Europe. For the EU to be able to strengthen its cooperation with India, the EU must commit to the protection human rights defenders @JulianAssange_",en,[],[],1465942675949973504,1465942675949973504,bhattketan1468,Ketan Bhatt,5,16,https://twitter.com/bhattketan1468/status/1542876729005465602,[],[],0,,FALSE,2,0,1,,None,,,,,,,"[{'screen_name': 'alviinaalametsa', 'name': 'Alviina Alametsä', 'id': '888960558'}, {'screen_name': 'TeestaSetalvad', 'name': 'Teesta Setalvad', 'id': '116372682'}]",,,,,Whataboutism,2,294,2022-10-10T09:57:08.265202Z,10.797,0,0,0,0,0,0
31716,1542440102332342278,2022-10-09T19:17:03.997399Z,2022-07-01 18:23:17,200,,@alviinaalametsa @TeestaSetalvad Russia can you please invade these mothafuckas already?,en,[],[],1535132345530982400,1535132345530982400,Hilale_pakistan,Bakriuddin Owaisi,5,18,https://twitter.com/Hilale_pakistan/status/1542906699199266816,[],[],0,,FALSE,0,0,0,,None,,,,,,,"[{'screen_name': 'alviinaalametsa', 'name': 'Alviina Alametsä', 'id': '888960558'}, {'screen_name': 'TeestaSetalvad', 'name': 'Teesta Setalvad', 'id': '116372682'}]",,,,,Misogynistic/slut-shaming,2,290,2022-10-09T19:17:03.997429Z,11.053,0,0,0,0,0,0
31779,1542440102332342278,2022-10-10T16:16:01.043088Z,2022-07-02 17:54:58,200,,@alviinaalametsa @TeestaSetalvad Keep your opinions and crocodile tears with you. She is in jail for a reason. If we need your advice we will surely consult with you.,en,[],[],775410006,775410006,spandakarika108,Maurya.,6,17,https://twitter.com/spandakarika108/status/1543261961630228482,[],[],0,,FALSE,0,0,0,,None,,,,,,,"[{'screen_name': 'alviinaalametsa', 'name': 'Alviina Alametsä', 'id': '888960558'}, {'screen_name': 'TeestaSetalvad', 'name': 'Teesta Setalvad', 'id': '116372682'}]",,,,,Delegitimization of foreign speakers,2,353,2022-10-10T16:16:01.043117Z,9.243,0,0,0,0,0,0
31747,1542440102332342278,2022-10-10T16:09:42.290689Z,2022-06-30 22:33:41,200,,"@alviinaalametsa @TeestaSetalvad Thanks but no thanks.   Her frauds are being investigated and will be decided by the court whether she's guilty or not, but no we do not need your  f King Agenda-rights preaching.",en,[],[],754770250361663488,754770250361663488,Prasenjit97m,Prasenjit Mandal,4,22,https://twitter.com/Prasenjit97m/status/1542607326087348224,[],[],0,,FALSE,0,0,0,,None,,,,,,,"[{'screen_name': 'alviinaalametsa', 'name': 'Alviina Alametsä', 'id': '888960558'}, {'screen_name': 'TeestaSetalvad', 'name': 'Teesta Setalvad', 'id': '116372682'}]",,,,,"{""choices"": [""Delegitimization as speaker may not be considered an  “expert”"", ""Appropriation of “decolonialize” narrative"", ""Misogynistic/slut-shaming""]}",2,321,2022-10-10T16:09:42.290717Z,14.593,0,0,0,0,0,0