id,conversation_id,created_at,date,timezone,place,tweet,language,hashtags,cashtags,user_id,user_id_str,username,name,day,hour,link,urls,photos,video,thumbnail,retweet,nlikes,nreplies,nretweets,quote_url,search,near,geo,source,user_rt_id,user_rt,retweet_id,reply_to,retweet_date,translate,trans_src,trans_dest,sentiment,annotator,annotation_id,updated_at,lead_time,botometerCapEng.score,botometerCapUni.score,botometerOverallRawEng.score,botometerOverallRawUni.score,botometerDisplayEng.score,botometerDisplayUni.score
31705,1541498855061164034,2022-10-09T19:10:49.199776Z,2022-06-27 21:10:48,200,,@larrouturou @zoo_bear @AltNews @PMOIndia @India_NHRC @FranceinIndia @narendramodi @ArifKIndian,qam,[],[],861103605675327490,861103605675327490,AteequeKLD,Ateeque Chaudhary 🇮🇳,1,21,https://twitter.com/AteequeKLD/status/1541499303629553664,[],[],0,,FALSE,0,0,0,,None,,,,,,,"[{'screen_name': 'larrouturou', 'name': 'Pierre Larrouturou', 'id': '18578222'}, {'screen_name': 'zoo_bear', 'name': 'Mohammed Zubair', 'id': '935142655213703168'}, {'screen_name': 'AltNews', 'name': 'Alt News', 'id': '717020664587227136'}, {'screen_name': 'PMOIndia', 'name': 'PMO India', 'id': '471741741'}, {'screen_name': 'India_NHRC', 'name': 'NHRC India', 'id': '1231877652715208705'}, {'screen_name': 'FranceinIndia', 'name': 'Emmanuel Lenain 🇫🇷🇪🇺', 'id': '1562957431'}, {'screen_name': 'narendramodi', 'name': 'Narendra Modi', 'id': '18839785'}]",,,,,unrecoganisable,2,280,2022-10-09T19:10:49.199805Z,8.488,0.8395863546,0.805409212,0.86,0.66,4.3,3.3
31701,1541498855061164034,2022-10-09T19:10:04.169242Z,2022-06-27 21:58:55,200,,@larrouturou @HindutvaWatchIn @zoo_bear @AltNews @PMOIndia @India_NHRC @FranceinIndia @narendramodi @doamuslims @5Pillarsuk @basherkella @PressTV @RanaAyyub @AfreenFatima136 @MJALSHRIKA @NabiyaKhan11 @SharjeelUsmani,qam,[],[],1143910538797297666,1143910538797297666,MuhammadXunaid0,Muhammad Xunaid,1,21,https://twitter.com/MuhammadXunaid0/status/1541511414967242752,[],[],0,,FALSE,0,0,0,,None,,,,,,,"[{'screen_name': 'larrouturou', 'name': 'Pierre Larrouturou', 'id': '18578222'}, {'screen_name': 'HindutvaWatchIn', 'name': 'HindutvaWatch', 'id': '1194987211638411264'}, {'screen_name': 'zoo_bear', 'name': 'Mohammed Zubair', 'id': '935142655213703168'}, {'screen_name': 'AltNews', 'name': 'Alt News', 'id': '717020664587227136'}, {'screen_name': 'PMOIndia', 'name': 'PMO India', 'id': '471741741'}, {'screen_name': 'India_NHRC', 'name': 'NHRC India', 'id': '1231877652715208705'}, {'screen_name': 'FranceinIndia', 'name': 'Emmanuel Lenain 🇫🇷🇪🇺', 'id': '1562957431'}, {'screen_name': 'narendramodi', 'name': 'Narendra Modi', 'id': '18839785'}]",,,,,unrecoganisable,2,276,2022-10-09T19:10:04.169272Z,10.45,0.7611878625,0.5488888158,0.27,0.12,1.4,0.6
31690,1541498855061164034,2022-10-09T19:06:34.016471Z,2022-06-28 1:04:11,200,,@larrouturou @zoo_bear @AltNews @PMOIndia @India_NHRC @FranceinIndia @narendramodi  https://t.co/dUfBNHydfO,qme,[],[],1235421182549061634,1235421182549061634,zubair7409,شمس⁦❤️⁩,2,1,https://twitter.com/zubair7409/status/1541558037185445888,['https://twitter.com/Shamsul14454386/status/1541555456765747202?t=AzNpUpaN2zEFaYFKYsqK9g&s=19'],[],0,,FALSE,0,0,0,https://twitter.com/Shamsul14454386/status/1541555456765747202?t=AzNpUpaN2zEFaYFKYsqK9g&s=19,None,,,,,,,"[{'screen_name': 'larrouturou', 'name': 'Pierre Larrouturou', 'id': '18578222'}, {'screen_name': 'zoo_bear', 'name': 'Mohammed Zubair', 'id': '935142655213703168'}, {'screen_name': 'AltNews', 'name': 'Alt News', 'id': '717020664587227136'}, {'screen_name': 'PMOIndia', 'name': 'PMO India', 'id': '471741741'}, {'screen_name': 'India_NHRC', 'name': 'NHRC India', 'id': '1231877652715208705'}, {'screen_name': 'FranceinIndia', 'name': 'Emmanuel Lenain 🇫🇷🇪🇺', 'id': '1562957431'}, {'screen_name': 'narendramodi', 'name': 'Narendra Modi', 'id': '18839785'}]",,,,,unrecoganisable,2,265,2022-10-09T19:06:34.016525Z,6.315,0.7759887465,0.4658392474,0.3,0.09,1.5,0.4
31689,1541498855061164034,2022-10-09T19:06:26.219824Z,2022-06-28 1:08:40,200,,@larrouturou @zoo_bear @AltNews @PMOIndia @India_NHRC @FranceinIndia @narendramodi  https://t.co/ynAViU0pfD,qme,[],[],1448030208620064771,1448030208620064771,Md35556134,Md,2,1,https://twitter.com/Md35556134/status/1541559167416053760,['https://twitter.com/Md35556134/status/1541537315599749120?t=ItwajHcPDKDhmjaR4iVqgA&s=19'],[],0,,FALSE,0,0,0,https://twitter.com/Md35556134/status/1541537315599749120?t=ItwajHcPDKDhmjaR4iVqgA&s=19,None,,,,,,,"[{'screen_name': 'larrouturou', 'name': 'Pierre Larrouturou', 'id': '18578222'}, {'screen_name': 'zoo_bear', 'name': 'Mohammed Zubair', 'id': '935142655213703168'}, {'screen_name': 'AltNews', 'name': 'Alt News', 'id': '717020664587227136'}, {'screen_name': 'PMOIndia', 'name': 'PMO India', 'id': '471741741'}, {'screen_name': 'India_NHRC', 'name': 'NHRC India', 'id': '1231877652715208705'}, {'screen_name': 'FranceinIndia', 'name': 'Emmanuel Lenain 🇫🇷🇪🇺', 'id': '1562957431'}, {'screen_name': 'narendramodi', 'name': 'Narendra Modi', 'id': '18839785'}]",,,,,unrecoganisable,2,264,2022-10-09T19:06:26.219860Z,5.092,0.7759887465,0.7089830786,0.3,0.2,1.5,1
31678,1541498855061164034,2022-10-09T19:03:54.715592Z,2022-06-28 16:41:57,200,,@larrouturou @zoo_bear @AltNews @PMOIndia @India_NHRC @FranceinIndia @narendramodi  https://t.co/Qt19Xw15mR,qme,[],[],982511045519466497,982511045519466497,SankarsanBarik4,Mr. Speaks,2,16,https://twitter.com/SankarsanBarik4/status/1541794033038569478,[],['https://pbs.twimg.com/tweet_video_thumb/FWWNfW8UsAAOpDN.jpg'],1,https://pbs.twimg.com/tweet_video_thumb/FWWNfW8UsAAOpDN.jpg,FALSE,0,0,0,,None,,,,,,,"[{'screen_name': 'larrouturou', 'name': 'Pierre Larrouturou', 'id': '18578222'}, {'screen_name': 'zoo_bear', 'name': 'Mohammed Zubair', 'id': '935142655213703168'}, {'screen_name': 'AltNews', 'name': 'Alt News', 'id': '717020664587227136'}, {'screen_name': 'PMOIndia', 'name': 'PMO India', 'id': '471741741'}, {'screen_name': 'India_NHRC', 'name': 'NHRC India', 'id': '1231877652715208705'}, {'screen_name': 'FranceinIndia', 'name': 'Emmanuel Lenain 🇫🇷🇪🇺', 'id': '1562957431'}]",,,,,unrecoganisable,2,253,2022-10-09T19:03:54.715622Z,5.754,0.6004883263,0.5222398722,0.15,0.11,0.8,0.6
31675,1541498855061164034,2022-10-09T19:03:04.481162Z,2022-06-28 17:03:15,200,,@larrouturou @zoo_bear @AltNews @PMOIndia @India_NHRC @FranceinIndia @narendramodi 🤦🙆‍♂️What a joke!!,en,[],[],2568677935,2568677935,KiranKumarGK1,GK,2,17,https://twitter.com/KiranKumarGK1/status/1541799394030211072,[],[],0,,FALSE,0,0,0,,None,,,,,,,"[{'screen_name': 'larrouturou', 'name': 'Pierre Larrouturou', 'id': '18578222'}, {'screen_name': 'zoo_bear', 'name': 'Mohammed Zubair', 'id': '935142655213703168'}, {'screen_name': 'AltNews', 'name': 'Alt News', 'id': '717020664587227136'}, {'screen_name': 'PMOIndia', 'name': 'PMO India', 'id': '471741741'}, {'screen_name': 'India_NHRC', 'name': 'NHRC India', 'id': '1231877652715208705'}, {'screen_name': 'FranceinIndia', 'name': 'Emmanuel Lenain 🇫🇷🇪🇺', 'id': '1562957431'}, {'screen_name': 'narendramodi', 'name': 'Narendra Modi', 'id': '18839785'}]",,,,,unrecoganisable,2,250,2022-10-09T19:03:04.481195Z,8.17,0.8670116134,0.8372129324,0.9,0.85,4.5,4.2
31636,1541498855061164034,2022-10-08T11:39:54.343791Z,2022-06-29 4:40:59,200,,@larrouturou @free_thinker @zoo_bear @AltNews @PMOIndia @India_NHRC @FranceinIndia @narendramodi  https://t.co/J7ZP5Q9FNe,qme,[],[],4491015387,4491015387,kewal_negi,Kewal singh negi,3,4,https://twitter.com/kewal_negi/status/1541974986222493696,['https://twitter.com/vijdankawoosa/status/1541830370940792832?t=mh_AJnol7OdHlgqph_kbbw&s=19'],[],0,,FALSE,0,0,0,https://twitter.com/vijdankawoosa/status/1541830370940792832?t=mh_AJnol7OdHlgqph_kbbw&s=19,None,,,,,,,"[{'screen_name': 'larrouturou', 'name': 'Pierre Larrouturou', 'id': '18578222'}, {'screen_name': 'free_thinker', 'name': 'Pratik Sinha', 'id': '7431372'}, {'screen_name': 'zoo_bear', 'name': 'Mohammed Zubair', 'id': '935142655213703168'}, {'screen_name': 'AltNews', 'name': 'Alt News', 'id': '717020664587227136'}, {'screen_name': 'PMOIndia', 'name': 'PMO India', 'id': '471741741'}, {'screen_name': 'India_NHRC', 'name': 'NHRC India', 'id': '1231877652715208705'}, {'screen_name': 'FranceinIndia', 'name': 'Emmanuel Lenain 🇫🇷🇪🇺', 'id': '1562957431'}, {'screen_name': 'narendramodi', 'name': 'Narendra Modi', 'id': '18839785'}]",,,,,unrecoganisable,2,211,2022-10-08T11:39:54.343821Z,6,0.7977821732,0.7784494983,0.7,0.28,3.5,1.4
31632,1541498855061164034,2022-10-08T11:39:03.941010Z,2022-06-29 5:22:39,200,,@larrouturou @zoo_bear @AltNews @PMOIndia @India_NHRC @FranceinIndia @narendramodi  https://t.co/D1ved5U65E,qme,[],[],1496399024370323456,1496399024370323456,shradesai,shraddesh desai,3,5,https://twitter.com/shradesai/status/1541985471546265601,[],['https://pbs.twimg.com/media/FWY7m7xXwAAZP5V.jpg'],1,https://pbs.twimg.com/media/FWY7m7xXwAAZP5V.jpg,FALSE,3,0,1,,None,,,,,,,"[{'screen_name': 'larrouturou', 'name': 'Pierre Larrouturou', 'id': '18578222'}, {'screen_name': 'zoo_bear', 'name': 'Mohammed Zubair', 'id': '935142655213703168'}, {'screen_name': 'AltNews', 'name': 'Alt News', 'id': '717020664587227136'}, {'screen_name': 'PMOIndia', 'name': 'PMO India', 'id': '471741741'}, {'screen_name': 'India_NHRC', 'name': 'NHRC India', 'id': '1231877652715208705'}, {'screen_name': 'FranceinIndia', 'name': 'Emmanuel Lenain 🇫🇷🇪🇺', 'id': '1562957431'}]",,,,,unrecoganisable,2,207,2022-10-08T11:39:03.941034Z,7.767,0.7668769622,0.5982419967,0.28,0.14,1.4,0.7
31631,1541498855061164034,2022-10-08T11:38:54.399755Z,2022-06-29 5:40:32,200,,@larrouturou @zoo_bear @AltNews @PMOIndia @India_NHRC @FranceinIndia @narendramodi Now corrected 👍  https://t.co/18uKP11tfK,en,[],[],922491808956915713,922491808956915713,Phoenix_on_Rise,The Maverick,3,5,https://twitter.com/Phoenix_on_Rise/status/1541989972848156673,[],['https://pbs.twimg.com/media/FWY_tSIUcAA6O7j.jpg'],1,https://pbs.twimg.com/media/FWY_tSIUcAA6O7j.jpg,FALSE,1,0,0,,None,,,,,,,"[{'screen_name': 'larrouturou', 'name': 'Pierre Larrouturou', 'id': '18578222'}, {'screen_name': 'zoo_bear', 'name': 'Mohammed Zubair', 'id': '935142655213703168'}, {'screen_name': 'AltNews', 'name': 'Alt News', 'id': '717020664587227136'}, {'screen_name': 'PMOIndia', 'name': 'PMO India', 'id': '471741741'}, {'screen_name': 'India_NHRC', 'name': 'NHRC India', 'id': '1231877652715208705'}, {'screen_name': 'FranceinIndia', 'name': 'Emmanuel Lenain 🇫🇷🇪🇺', 'id': '1562957431'}, {'screen_name': 'narendramodi', 'name': 'Narendra Modi', 'id': '18839785'}]",,,,,unrecoganisable,2,206,2022-10-08T11:38:54.399781Z,7.941,0.4197222422,0.4658392474,0.08,0.09,0.4,0.4
31625,1541498855061164034,2022-10-08T11:37:39.580969Z,2022-06-29 6:29:23,200,,@larrouturou @zoo_bear @AltNews @PMOIndia @India_NHRC @FranceinIndia @narendramodi  https://t.co/TKdou7p1qo,qme,[],[],4036918334,4036918334,sanghi_engineer,संघी Engineer 🚩🚩🚩,3,6,https://twitter.com/sanghi_engineer/status/1542002266198384641,['https://twitter.com/zoo_bear/status/1291416752971161601?t=s41fwCCIn1zWW467H6j3cA&s=19'],[],0,,FALSE,0,0,0,https://twitter.com/zoo_bear/status/1291416752971161601?t=s41fwCCIn1zWW467H6j3cA&s=19,None,,,,,,,"[{'screen_name': 'larrouturou', 'name': 'Pierre Larrouturou', 'id': '18578222'}, {'screen_name': 'zoo_bear', 'name': 'Mohammed Zubair', 'id': '935142655213703168'}, {'screen_name': 'AltNews', 'name': 'Alt News', 'id': '717020664587227136'}, {'screen_name': 'PMOIndia', 'name': 'PMO India', 'id': '471741741'}, {'screen_name': 'India_NHRC', 'name': 'NHRC India', 'id': '1231877652715208705'}, {'screen_name': 'FranceinIndia', 'name': 'Emmanuel Lenain 🇫🇷🇪🇺', 'id': '1562957431'}, {'screen_name': 'narendramodi', 'name': 'Narendra Modi', 'id': '18839785'}]",,,,,unrecoganisable,2,200,2022-10-08T11:37:39.580994Z,5.181,0.3912159239,0.3173945014,0.07,0.04,0.4,0.2
31613,1541498855061164034,2022-10-08T11:34:47.519879Z,2022-06-29 9:49:14,200,,@larrouturou @free_thinker @zoo_bear @AltNews @PMOIndia @India_NHRC @FranceinIndia @narendramodi  https://t.co/UwvbUXKAKH,qme,[],[],1021012136221278211,1021012136221278211,Evils_Paradise,Ayan Saha,3,9,https://twitter.com/Evils_Paradise/status/1542052557702385664,[],['https://pbs.twimg.com/media/FWZ4oOracAAl_QJ.jpg'],1,https://pbs.twimg.com/media/FWZ4oOracAAl_QJ.jpg,FALSE,0,0,0,,None,,,,,,,"[{'screen_name': 'larrouturou', 'name': 'Pierre Larrouturou', 'id': '18578222'}, {'screen_name': 'free_thinker', 'name': 'Pratik Sinha', 'id': '7431372'}, {'screen_name': 'zoo_bear', 'name': 'Mohammed Zubair', 'id': '935142655213703168'}, {'screen_name': 'AltNews', 'name': 'Alt News', 'id': '717020664587227136'}, {'screen_name': 'PMOIndia', 'name': 'PMO India', 'id': '471741741'}, {'screen_name': 'India_NHRC', 'name': 'NHRC India', 'id': '1231877652715208705'}, {'screen_name': 'FranceinIndia', 'name': 'Emmanuel Lenain 🇫🇷🇪🇺', 'id': '1562957431'}]",,,,,unrecoganisable,2,188,2022-10-08T11:34:47.519906Z,7.288,0.621687024,0.7089830786,0.16,0.2,0.8,1
31606,1541498855061164034,2022-10-08T11:32:57.444933Z,2022-06-29 12:30:37,200,,@larrouturou  https://t.co/eHyRdzYG8N,qme,[],[],98797649,98797649,Aishwaryarbagla,Aishwarya Raj Bagla,3,12,https://twitter.com/Aishwaryarbagla/status/1542093170120372224,[],['https://pbs.twimg.com/tweet_video_thumb/FWadkA6UAAANPa1.jpg'],1,https://pbs.twimg.com/tweet_video_thumb/FWadkA6UAAANPa1.jpg,FALSE,0,0,0,,None,,,,,,,[],,,,,unrecoganisable,2,181,2022-10-08T11:32:57.444958Z,5.768,0.4479465576,0.288463897,0.09,0.03,0.4,0.2
31600,1541498855061164034,2022-10-07T12:26:42.675292Z,2022-06-29 17:30:16,200,,@larrouturou @zoo_bear @AltNews @PMOIndia @India_NHRC @FranceinIndia @narendramodi  https://t.co/SRGVjEiQH4,qme,[],[],983709188919476224,983709188919476224,SamsulH40825884,Samsul  Haque,3,17,https://twitter.com/SamsulH40825884/status/1542168581579821056,[],['https://pbs.twimg.com/media/FWbiJMwaQAE65Ex.jpg'],1,https://pbs.twimg.com/media/FWbiJMwaQAE65Ex.jpg,FALSE,0,0,0,,None,,,,,,,"[{'screen_name': 'larrouturou', 'name': 'Pierre Larrouturou', 'id': '18578222'}, {'screen_name': 'zoo_bear', 'name': 'Mohammed Zubair', 'id': '935142655213703168'}, {'screen_name': 'AltNews', 'name': 'Alt News', 'id': '717020664587227136'}, {'screen_name': 'PMOIndia', 'name': 'PMO India', 'id': '471741741'}, {'screen_name': 'India_NHRC', 'name': 'NHRC India', 'id': '1231877652715208705'}, {'screen_name': 'FranceinIndia', 'name': 'Emmanuel Lenain 🇫🇷🇪🇺', 'id': '1562957431'}]",,,,,unrecoganisable,2,165,2022-10-07T12:26:42.675319Z,3.91,0.793957645,0.3469210182,0.39,0.05,2,0.2
31597,1541498855061164034,2022-10-07T12:26:22.756223Z,2022-07-03 8:13:01,200,,@larrouturou @zoo_bear @AltNews @PMOIndia @India_NHRC @FranceinIndia @narendramodi ان شاء اللہ,ur,[],[],1457508196705206277,1457508196705206277,AnisurrahamanN2,Anisurrahaman Nomani,7,8,https://twitter.com/AnisurrahamanN2/status/1543477894902456322,[],[],0,,FALSE,0,0,0,,None,,,,,,,"[{'screen_name': 'larrouturou', 'name': 'Pierre Larrouturou', 'id': '18578222'}, {'screen_name': 'zoo_bear', 'name': 'Mohammed Zubair', 'id': '935142655213703168'}, {'screen_name': 'AltNews', 'name': 'Alt News', 'id': '717020664587227136'}, {'screen_name': 'PMOIndia', 'name': 'PMO India', 'id': '471741741'}, {'screen_name': 'India_NHRC', 'name': 'NHRC India', 'id': '1231877652715208705'}, {'screen_name': 'FranceinIndia', 'name': 'Emmanuel Lenain 🇫🇷🇪🇺', 'id': '1562957431'}, {'screen_name': 'narendramodi', 'name': 'Narendra Modi', 'id': '18839785'}]",,,,,unrecoganisable,2,162,2022-10-07T12:26:22.756253Z,3.48,0.7957282279,0.7995701888,0.42,0.36,2.1,1.8
31592,1541498855061164034,2022-10-07T12:17:20.856483Z,2022-06-29 20:43:56,200,,@larrouturou @free_thinker @zoo_bear @AltNews @PMOIndia @India_NHRC @FranceinIndia @narendramodi  https://t.co/BN9veijMug,qme,[],[],1479452717223456768,1479452717223456768,bitmasti,Bitcryp,3,20,https://twitter.com/bitmasti/status/1542217317894848512,[],['https://pbs.twimg.com/tweet_video_thumb/FWcOeE7VEAAOu3F.jpg'],1,https://pbs.twimg.com/tweet_video_thumb/FWcOeE7VEAAOu3F.jpg,FALSE,0,0,0,,None,,,,,,,"[{'screen_name': 'larrouturou', 'name': 'Pierre Larrouturou', 'id': '18578222'}, {'screen_name': 'free_thinker', 'name': 'Pratik Sinha', 'id': '7431372'}, {'screen_name': 'zoo_bear', 'name': 'Mohammed Zubair', 'id': '935142655213703168'}, {'screen_name': 'AltNews', 'name': 'Alt News', 'id': '717020664587227136'}, {'screen_name': 'PMOIndia', 'name': 'PMO India', 'id': '471741741'}, {'screen_name': 'India_NHRC', 'name': 'NHRC India', 'id': '1231877652715208705'}, {'screen_name': 'FranceinIndia', 'name': 'Emmanuel Lenain 🇫🇷🇪🇺', 'id': '1562957431'}]",,,,,unrecoganisable,2,157,2022-10-07T12:17:20.856512Z,5.062,0.7930870095,0.8035432096,0.38,0.41,1.9,2
31582,1541498855061164034,2022-10-07T12:14:37.138041Z,2022-06-29 2:40:59,0,,@larrouturou @free_thinker @zoo_bear @AltNews @PMOIndia @India_NHRC @FranceinIndia @narendramodi  https://t.co/J7ZP5Q9FNe,qme,[],[],4491015387,4491015387,kewal_negi,Kewal singh negi,3,2,https://twitter.com/kewal_negi/status/1541974986222493696,['https://twitter.com/vijdankawoosa/status/1541830370940792832?t=mh_AJnol7OdHlgqph_kbbw&s=19'],[],0,,FALSE,0,0,0,https://twitter.com/vijdankawoosa/status/1541830370940792832?t=mh_AJnol7OdHlgqph_kbbw&s=19,None,,,,,,,"[{'screen_name': 'larrouturou', 'name': 'Pierre Larrouturou', 'id': '18578222'}, {'screen_name': 'free_thinker', 'name': 'Pratik Sinha', 'id': '7431372'}, {'screen_name': 'zoo_bear', 'name': 'Mohammed Zubair', 'id': '935142655213703168'}, {'screen_name': 'AltNews', 'name': 'Alt News', 'id': '717020664587227136'}, {'screen_name': 'PMOIndia', 'name': 'PMO India', 'id': '471741741'}, {'screen_name': 'India_NHRC', 'name': 'NHRC India', 'id': '1231877652715208705'}, {'screen_name': 'FranceinIndia', 'name': 'Emmanuel Lenain 🇫🇷🇪🇺', 'id': '1562957431'}, {'screen_name': 'narendramodi', 'name': 'Narendra Modi', 'id': '18839785'}]",,,,,unrecoganisable,2,148,2022-10-07T12:14:37.138066Z,5.775,0.7977821732,0.7784494983,0.7,0.28,3.5,1.4
31578,1541498855061164034,2022-10-07T12:13:49.086464Z,2022-06-29 3:22:39,0,,@larrouturou @zoo_bear @AltNews @PMOIndia @India_NHRC @FranceinIndia @narendramodi  https://t.co/D1ved5U65E,qme,[],[],1496399024370323456,1496399024370323456,shradesai,shraddesh desai,3,3,https://twitter.com/shradesai/status/1541985471546265601,[],['https://pbs.twimg.com/media/FWY7m7xXwAAZP5V.jpg'],1,https://pbs.twimg.com/media/FWY7m7xXwAAZP5V.jpg,FALSE,3,0,1,,None,,,,,,,"[{'screen_name': 'larrouturou', 'name': 'Pierre Larrouturou', 'id': '18578222'}, {'screen_name': 'zoo_bear', 'name': 'Mohammed Zubair', 'id': '935142655213703168'}, {'screen_name': 'AltNews', 'name': 'Alt News', 'id': '717020664587227136'}, {'screen_name': 'PMOIndia', 'name': 'PMO India', 'id': '471741741'}, {'screen_name': 'India_NHRC', 'name': 'NHRC India', 'id': '1231877652715208705'}, {'screen_name': 'FranceinIndia', 'name': 'Emmanuel Lenain 🇫🇷🇪🇺', 'id': '1562957431'}]",,,,,unrecoganisable,2,145,2022-10-07T12:13:49.086491Z,4.163,0.7668769622,0.5982419967,0.28,0.14,1.4,0.7
31577,1541498855061164034,2022-10-07T12:13:42.636316Z,2022-06-29 3:40:32,0,,@larrouturou @zoo_bear @AltNews @PMOIndia @India_NHRC @FranceinIndia @narendramodi Now corrected 👍  https://t.co/18uKP11tfK,en,[],[],922491808956915713,922491808956915713,Phoenix_on_Rise,The Maverick,3,3,https://twitter.com/Phoenix_on_Rise/status/1541989972848156673,[],['https://pbs.twimg.com/media/FWY_tSIUcAA6O7j.jpg'],1,https://pbs.twimg.com/media/FWY_tSIUcAA6O7j.jpg,FALSE,1,0,0,,None,,,,,,,"[{'screen_name': 'larrouturou', 'name': 'Pierre Larrouturou', 'id': '18578222'}, {'screen_name': 'zoo_bear', 'name': 'Mohammed Zubair', 'id': '935142655213703168'}, {'screen_name': 'AltNews', 'name': 'Alt News', 'id': '717020664587227136'}, {'screen_name': 'PMOIndia', 'name': 'PMO India', 'id': '471741741'}, {'screen_name': 'India_NHRC', 'name': 'NHRC India', 'id': '1231877652715208705'}, {'screen_name': 'FranceinIndia', 'name': 'Emmanuel Lenain 🇫🇷🇪🇺', 'id': '1562957431'}, {'screen_name': 'narendramodi', 'name': 'Narendra Modi', 'id': '18839785'}]",,,,,unrecoganisable,2,144,2022-10-07T12:13:42.636344Z,14.498,0.4197222422,0.4658392474,0.08,0.09,0.4,0.4
31569,1541498855061164034,2022-10-07T12:10:24.850061Z,2022-06-29 4:29:23,0,,@larrouturou @zoo_bear @AltNews @PMOIndia @India_NHRC @FranceinIndia @narendramodi  https://t.co/TKdou7p1qo,qme,[],[],4036918334,4036918334,sanghi_engineer,संघी Engineer 🚩🚩🚩,3,4,https://twitter.com/sanghi_engineer/status/1542002266198384641,['https://twitter.com/zoo_bear/status/1291416752971161601?t=s41fwCCIn1zWW467H6j3cA&s=19'],[],0,,FALSE,0,0,0,https://twitter.com/zoo_bear/status/1291416752971161601?t=s41fwCCIn1zWW467H6j3cA&s=19,None,,,,,,,"[{'screen_name': 'larrouturou', 'name': 'Pierre Larrouturou', 'id': '18578222'}, {'screen_name': 'zoo_bear', 'name': 'Mohammed Zubair', 'id': '935142655213703168'}, {'screen_name': 'AltNews', 'name': 'Alt News', 'id': '717020664587227136'}, {'screen_name': 'PMOIndia', 'name': 'PMO India', 'id': '471741741'}, {'screen_name': 'India_NHRC', 'name': 'NHRC India', 'id': '1231877652715208705'}, {'screen_name': 'FranceinIndia', 'name': 'Emmanuel Lenain 🇫🇷🇪🇺', 'id': '1562957431'}, {'screen_name': 'narendramodi', 'name': 'Narendra Modi', 'id': '18839785'}]",,,,,unrecoganisable,2,138,2022-10-07T12:10:24.850089Z,6.457,0.3912159239,0.3173945014,0.07,0.04,0.4,0.2
31557,1541498855061164034,2022-10-07T12:07:31.164817Z,2022-06-29 7:49:14,0,,@larrouturou @free_thinker @zoo_bear @AltNews @PMOIndia @India_NHRC @FranceinIndia @narendramodi  https://t.co/UwvbUXKAKH,qme,[],[],1021012136221278211,1021012136221278211,Evils_Paradise,Ayan Saha,3,7,https://twitter.com/Evils_Paradise/status/1542052557702385664,[],['https://pbs.twimg.com/media/FWZ4oOracAAl_QJ.jpg'],1,https://pbs.twimg.com/media/FWZ4oOracAAl_QJ.jpg,FALSE,0,0,0,,None,,,,,,,"[{'screen_name': 'larrouturou', 'name': 'Pierre Larrouturou', 'id': '18578222'}, {'screen_name': 'free_thinker', 'name': 'Pratik Sinha', 'id': '7431372'}, {'screen_name': 'zoo_bear', 'name': 'Mohammed Zubair', 'id': '935142655213703168'}, {'screen_name': 'AltNews', 'name': 'Alt News', 'id': '717020664587227136'}, {'screen_name': 'PMOIndia', 'name': 'PMO India', 'id': '471741741'}, {'screen_name': 'India_NHRC', 'name': 'NHRC India', 'id': '1231877652715208705'}, {'screen_name': 'FranceinIndia', 'name': 'Emmanuel Lenain 🇫🇷🇪🇺', 'id': '1562957431'}]",,,,,unrecoganisable,2,129,2022-10-07T12:07:31.164844Z,4.755,0.621687024,0.7089830786,0.16,0.2,0.8,1
31550,1541498855061164034,2022-10-07T12:05:35.779702Z,2022-06-29 10:30:37,0,,@larrouturou  https://t.co/eHyRdzYG8N,qme,[],[],98797649,98797649,Aishwaryarbagla,Aishwarya Raj Bagla,3,10,https://twitter.com/Aishwaryarbagla/status/1542093170120372224,[],['https://pbs.twimg.com/tweet_video_thumb/FWadkA6UAAANPa1.jpg'],1,https://pbs.twimg.com/tweet_video_thumb/FWadkA6UAAANPa1.jpg,FALSE,0,0,0,,None,,,,,,,[],,,,,unrecoganisable,2,122,2022-10-07T12:05:35.779731Z,4.63,0.4479465576,0.288463897,0.09,0.03,0.4,0.2
31543,1541498855061164034,2022-10-07T11:51:58.520523Z,2022-06-29 15:30:16,0,,@larrouturou @zoo_bear @AltNews @PMOIndia @India_NHRC @FranceinIndia @narendramodi  https://t.co/SRGVjEiQH4,qme,[],[],983709188919476224,983709188919476224,SamsulH40825884,Samsul  Haque,3,15,https://twitter.com/SamsulH40825884/status/1542168581579821056,[],['https://pbs.twimg.com/media/FWbiJMwaQAE65Ex.jpg'],1,https://pbs.twimg.com/media/FWbiJMwaQAE65Ex.jpg,FALSE,0,0,0,,None,,,,,,,"[{'screen_name': 'larrouturou', 'name': 'Pierre Larrouturou', 'id': '18578222'}, {'screen_name': 'zoo_bear', 'name': 'Mohammed Zubair', 'id': '935142655213703168'}, {'screen_name': 'AltNews', 'name': 'Alt News', 'id': '717020664587227136'}, {'screen_name': 'PMOIndia', 'name': 'PMO India', 'id': '471741741'}, {'screen_name': 'India_NHRC', 'name': 'NHRC India', 'id': '1231877652715208705'}, {'screen_name': 'FranceinIndia', 'name': 'Emmanuel Lenain 🇫🇷🇪🇺', 'id': '1562957431'}]",,,,,unrecoganisable,2,115,2022-10-07T11:51:58.520561Z,4.801,0.793957645,0.3469210182,0.39,0.05,2,0.2
31538,1541498855061164034,2022-10-07T11:44:24.219601Z,2022-06-29 18:43:56,0,,@larrouturou @free_thinker @zoo_bear @AltNews @PMOIndia @India_NHRC @FranceinIndia @narendramodi  https://t.co/BN9veijMug,qme,[],[],1479452717223456768,1479452717223456768,bitmasti,Bitcryp,3,18,https://twitter.com/bitmasti/status/1542217317894848512,[],['https://pbs.twimg.com/tweet_video_thumb/FWcOeE7VEAAOu3F.jpg'],1,https://pbs.twimg.com/tweet_video_thumb/FWcOeE7VEAAOu3F.jpg,FALSE,0,0,0,,None,,,,,,,"[{'screen_name': 'larrouturou', 'name': 'Pierre Larrouturou', 'id': '18578222'}, {'screen_name': 'free_thinker', 'name': 'Pratik Sinha', 'id': '7431372'}, {'screen_name': 'zoo_bear', 'name': 'Mohammed Zubair', 'id': '935142655213703168'}, {'screen_name': 'AltNews', 'name': 'Alt News', 'id': '717020664587227136'}, {'screen_name': 'PMOIndia', 'name': 'PMO India', 'id': '471741741'}, {'screen_name': 'India_NHRC', 'name': 'NHRC India', 'id': '1231877652715208705'}, {'screen_name': 'FranceinIndia', 'name': 'Emmanuel Lenain 🇫🇷🇪🇺', 'id': '1562957431'}]",,,,,unrecoganisable,2,109,2022-10-07T11:44:24.219630Z,3.542,0.7930870095,0.8035432096,0.38,0.41,1.9,2