id,conversation_id,created_at,date,timezone,place,tweet,language,hashtags,cashtags,user_id,user_id_str,username,name,day,hour,link,urls,photos,video,thumbnail,retweet,nlikes,nreplies,nretweets,quote_url,search,near,geo,source,user_rt_id,user_rt,retweet_id,reply_to,retweet_date,translate,trans_src,trans_dest,sentiment,annotator,annotation_id,updated_at,lead_time,botometerCapEng.score,botometerCapUni.score,botometerOverallRawEng.score,botometerOverallRawUni.score,botometerDisplayEng.score,botometerDisplayUni.score
31811,1542440102332342278,2022-10-10T16:40:41.415937Z,2022-07-03 10:16:41,200,,@alviinaalametsa @TeestaSetalvad FYI she is not a Xn.,en,[],[],1485912579495305221,1485912579495305221,naradauvacha2,Naradauvacha2,7,10,https://twitter.com/naradauvacha2/status/1543509016231305216,[],[],0,,FALSE,0,0,0,,None,,,,,,,"[{'screen_name': 'alviinaalametsa', 'name': 'Alviina Alametsä', 'id': '888960558'}, {'screen_name': 'TeestaSetalvad', 'name': 'Teesta Setalvad', 'id': '116372682'}]",,,,,Unrecoganisable,2,385,2022-10-10T16:40:41.415965Z,9.812,0.7668769622,0.7733457113,0.28,0.27,1.4,1.4
31807,1542440102332342278,2022-10-10T16:39:53.154134Z,2022-07-03 11:30:39,200,,@alviinaalametsa @TeestaSetalvad You will be more than saddened if you were here.  https://t.co/z3zWWx5QmD,en,[],[],1581952224,1581952224,khab33b,khabib_nurmagomedov,7,11,https://twitter.com/khab33b/status/1543527632901373952,['https://twitter.com/baaaader61/status/1536028083114893320?s=21'],[],0,,FALSE,0,0,0,https://twitter.com/baaaader61/status/1536028083114893320?s=21,None,,,,,,,"[{'screen_name': 'alviinaalametsa', 'name': 'Alviina Alametsä', 'id': '888960558'}, {'screen_name': 'TeestaSetalvad', 'name': 'Teesta Setalvad', 'id': '116372682'}]",,,,,Unrecoganisable,2,381,2022-10-10T16:39:53.154162Z,6.966,0.3061880725,0.3469210182,0.04,0.05,0.2,0.2
31804,1542440102332342278,2022-10-10T16:39:15.847486Z,2022-07-03 12:34:22,200,,"@alviinaalametsa @TeestaSetalvad Meanwhile in India,bin the last fortnight  https://t.co/0dmGVGRCv4  https://t.co/GpEVMg1gQV  https://t.co/22rXkfBvZ9",en,[],[],1378507306837544963,1378507306837544963,Ksharkhowa,খাৰখোৱা,7,12,https://twitter.com/Ksharkhowa/status/1543543665712574464,"['https://twitter.com/ANI/status/1543193910205640705?s=20&t=1IW8NsN3N72is021r1hm6A', 'https://twitter.com/riaa0riaa/status/1541761614080114689?s=20&t=1IW8NsN3N72is021r1hm6A', 'https://twitter.com/AMIT_GUJJU/status/1541783688568242176?s=20&t=1IW8NsN3N72is021r1hm6A']",[],0,,FALSE,0,0,0,https://twitter.com/AMIT_GUJJU/status/1541783688568242176?s=20&t=1IW8NsN3N72is021r1hm6A,None,,,,,,,"[{'screen_name': 'alviinaalametsa', 'name': 'Alviina Alametsä', 'id': '888960558'}, {'screen_name': 'TeestaSetalvad', 'name': 'Teesta Setalvad', 'id': '116372682'}]",,,,,Unrecoganisable,2,378,2022-10-10T16:39:15.847513Z,10.562,0.5027122941,0.3469210182,0.11,0.05,0.6,0.2
31802,1542440102332342278,2022-10-10T16:38:44.031225Z,2022-07-03 15:08:32,200,,@alviinaalametsa @TeestaSetalvad  https://t.co/9tm45otJOc,qme,[],[],53381364,53381364,ashwinnagar,Ashwin Nagar / अश्विन नागर ❁‏,7,15,https://twitter.com/ashwinnagar/status/1543582465612468225,['https://twitter.com/ashwinnagar/status/1543262656270077956?s=20&t=LQjWF7MLEO-hbq2hyj6obQ'],[],0,,FALSE,2,0,0,https://twitter.com/ashwinnagar/status/1543262656270077956?s=20&t=LQjWF7MLEO-hbq2hyj6obQ,None,,,,,,,"[{'screen_name': 'alviinaalametsa', 'name': 'Alviina Alametsä', 'id': '888960558'}, {'screen_name': 'TeestaSetalvad', 'name': 'Teesta Setalvad', 'id': '116372682'}]",,,,,Unrecoganisable,2,376,2022-10-10T16:38:44.031256Z,3.126,0.7966467094,0.7674214324,0.45,0.26,2.2,1.3
31800,1542440102332342278,2022-10-10T16:38:29.089343Z,2022-07-03 18:07:47,200,,@alviinaalametsa @TeestaSetalvad  https://t.co/QfK8V3eRSQ,qme,[],[],1260195841,1260195841,tarunlalan,Tarun Lalan,7,18,https://twitter.com/tarunlalan/status/1543627573049327616,['https://twitter.com/OpIndia_com/status/1543567732842516482?t=pgpC3lVAYra_lM0GomHLPQ&s=19'],[],0,,FALSE,1,0,0,https://twitter.com/OpIndia_com/status/1543567732842516482?t=pgpC3lVAYra_lM0GomHLPQ&s=19,None,,,,,,,"[{'screen_name': 'alviinaalametsa', 'name': 'Alviina Alametsä', 'id': '888960558'}, {'screen_name': 'TeestaSetalvad', 'name': 'Teesta Setalvad', 'id': '116372682'}]",,,,,Unrecoganisable,2,374,2022-10-10T16:38:29.089368Z,2.592,0.4756769663,0.288463897,0.1,0.03,0.5,0.2
31799,1542440102332342278,2022-10-10T16:38:25.299158Z,2022-07-03 18:27:37,200,,@alviinaalametsa @TeestaSetalvad  https://t.co/lyopCQgo6E,qme,[],[],1260195841,1260195841,tarunlalan,Tarun Lalan,7,18,https://twitter.com/tarunlalan/status/1543632565709717504,['https://twitter.com/vijaygajera/status/1543516153309306881?t=D7F0h81MFvNn96di9mxNPQ&s=19'],[],0,,FALSE,1,0,1,https://twitter.com/vijaygajera/status/1543516153309306881?t=D7F0h81MFvNn96di9mxNPQ&s=19,None,,,,,,,"[{'screen_name': 'alviinaalametsa', 'name': 'Alviina Alametsä', 'id': '888960558'}, {'screen_name': 'TeestaSetalvad', 'name': 'Teesta Setalvad', 'id': '116372682'}]",,,,,Unrecoganisable,2,373,2022-10-10T16:38:25.299187Z,3.003,0.4756769663,0.288463897,0.1,0.03,0.5,0.2
31784,1542440102332342278,2022-10-10T16:17:09.627710Z,2022-07-02 15:59:37,200,,@alviinaalametsa @TeestaSetalvad Another saint in market.  https://t.co/paYbsL4WFg,en,[],[],149488266,149488266,vijay1440,Vijay,6,15,https://twitter.com/vijay1440/status/1543232932399104000,[],['https://pbs.twimg.com/tweet_video_thumb/FWqqK8EaUAANoMT.jpg'],1,https://pbs.twimg.com/tweet_video_thumb/FWqqK8EaUAANoMT.jpg,FALSE,0,0,0,,None,,,,,,,"[{'screen_name': 'alviinaalametsa', 'name': 'Alviina Alametsä', 'id': '888960558'}, {'screen_name': 'TeestaSetalvad', 'name': 'Teesta Setalvad', 'id': '116372682'}]",,,,,Unrecoganisable,2,358,2022-10-10T16:17:09.627756Z,10.221,0.3061880725,0.5742686033,0.04,0.13,0.2,0.6
31765,1542440102332342278,2022-10-10T16:13:08.860331Z,2022-06-30 20:48:32,200,,@alviinaalametsa @TeestaSetalvad  https://t.co/Vv5FTjzV0N,qme,[],[],1385989090441498625,1385989090441498625,Nishwins1,Nishwins,4,20,https://twitter.com/Nishwins1/status/1542580864185380864,[],['https://pbs.twimg.com/tweet_video_thumb/FWhZHQvUYAAeUG-.jpg'],1,https://pbs.twimg.com/tweet_video_thumb/FWhZHQvUYAAeUG-.jpg,FALSE,0,0,0,,None,,,,,,,"[{'screen_name': 'alviinaalametsa', 'name': 'Alviina Alametsä', 'id': '888960558'}]",,,,,Unrecoganisable,2,339,2022-10-10T16:13:08.860356Z,3.116,0.3912159239,0.4365081483,0.07,0.08,0.4,0.4
31755,1542440102332342278,2022-10-10T16:11:11.152075Z,2022-06-30 21:49:07,200,,@alviinaalametsa @TeestaSetalvad  https://t.co/Orrdqm0dNB,qme,[],[],4429535653,4429535653,PappuAvakaya,P̴a̴p̴p̴u̴A̴v̴a̴k̴a̴y̴a̴ 🕉️🇮🇳,4,21,https://twitter.com/PappuAvakaya/status/1542596110748770304,['https://twitter.com/MrSinha_/status/1542201750832132096?t=0FkIkzDVpPnMkIKw3hnVkg&s=19'],[],0,,FALSE,1,0,0,0,None,,,,,,,"[{'screen_name': 'alviinaalametsa', 'name': 'Alviina Alametsä', 'id': '888960558'}, {'screen_name': 'TeestaSetalvad', 'name': 'Teesta Setalvad', 'id': '116372682'}]",,,,,Unrecoganisable,2,329,2022-10-10T16:11:11.152104Z,2.525,0.5027122941,0.6207049851,0.11,0.15,0.6,0.8
31741,1542440102332342278,2022-10-10T10:01:09.237376Z,2022-07-01 0:06:19,200,,@alviinaalametsa @TeestaSetalvad  https://t.co/QTq0kg1CQg,qme,[],[],93632495,93632495,dschamyal,Deependra Chamyal,5,0,https://twitter.com/dschamyal/status/1542630638812991488,[],['https://pbs.twimg.com/media/FWiGYs7UEAE8eVq.jpg'],1,https://pbs.twimg.com/media/FWiGYs7UEAE8eVq.jpg,FALSE,2,0,0,,None,,,,,,,"[{'screen_name': 'alviinaalametsa', 'name': 'Alviina Alametsä', 'id': '888960558'}]",,,,,Unrecoganisable,2,315,2022-10-10T10:01:09.237406Z,3.542,0.3626456412,0.2333243237,0.06,0.01,0.3,0
31740,1542440102332342278,2022-10-10T10:01:04.110616Z,2022-07-01 0:07:42,200,,"@alviinaalametsa @TeestaSetalvad We heard, anything else?",en,[],[],555321637,555321637,ScorpionHere,Deewaker Pandey🇮🇳,5,0,https://twitter.com/ScorpionHere/status/1542630984914436098,[],[],0,,FALSE,1,0,0,,None,,,,,,,"[{'screen_name': 'alviinaalametsa', 'name': 'Alviina Alametsä', 'id': '888960558'}, {'screen_name': 'TeestaSetalvad', 'name': 'Teesta Setalvad', 'id': '116372682'}]",,,,,Unrecoganisable,2,314,2022-10-10T10:01:04.110647Z,10.71,0.7826357858,0.4658392474,0.32,0.09,1.6,0.4
31739,1542440102332342278,2022-10-10T10:00:51.892506Z,2022-07-01 11:46:02,200,,@alviinaalametsa @TeestaSetalvad Yup. Should stop trade talks. Trade with China is better.,en,[],[],809969556852609024,809969556852609024,PrasadSatya10,Prasad Satya,5,11,https://twitter.com/PrasadSatya10/status/1542806726763618304,[],[],0,,FALSE,1,0,0,,None,,,,,,,"[{'screen_name': 'alviinaalametsa', 'name': 'Alviina Alametsä', 'id': '888960558'}, {'screen_name': 'TeestaSetalvad', 'name': 'Teesta Setalvad', 'id': '116372682'}]",,,,,Unrecoganisable,2,313,2022-10-10T10:00:51.892536Z,9.945,0.553972572,0.3767899639,0.13,0.06,0.6,0.3
31723,1542440102332342278,2022-10-10T09:57:30.420740Z,2022-07-01 15:55:21,200,,@alviinaalametsa @TeestaSetalvad  https://t.co/IVLBXK5CoP,qme,[],[],816206991185965056,816206991185965056,MiFe007,Michael Fernandes 🇮🇳 ↙️,5,15,https://twitter.com/MiFe007/status/1542869471098212352,[],['https://pbs.twimg.com/media/FWlfmwMaQAAIE-x.jpg'],1,https://pbs.twimg.com/media/FWlfmwMaQAAIE-x.jpg,FALSE,0,0,0,,None,,,,,,,"[{'screen_name': 'alviinaalametsa', 'name': 'Alviina Alametsä', 'id': '888960558'}]",,,,,Unrecoganisable,2,297,2022-10-10T09:57:30.420770Z,5.275,0.2520419704,0.4067397856,0.02,0.07,0.1,0.4
31722,1542440102332342278,2022-10-10T09:57:23.676772Z,2022-07-01 15:58:47,200,,@alviinaalametsa @Ahmedzaman1988 @TeestaSetalvad  https://t.co/auEfenZT7F,qme,[],[],770320919021576193,770320919021576193,alisarfarazbhs,SYED SARFARAZ ALI,5,15,https://twitter.com/alisarfarazbhs/status/1542870332373336065,[],['https://pbs.twimg.com/media/FWlgYfSagAIW4pH.png'],1,https://pbs.twimg.com/media/FWlgYfSagAIW4pH.png,FALSE,0,0,0,,None,,,,,,,"[{'screen_name': 'alviinaalametsa', 'name': 'Alviina Alametsä', 'id': '888960558'}, {'screen_name': 'Ahmedzaman1988', 'name': 'Sultan 2.0', 'id': '1425152315208597510'}]",,,,,Unrecoganisable,2,296,2022-10-10T09:57:23.676803Z,3.793,0.6596464953,0.5222398722,0.18,0.11,0.9,0.6
31710,1542440102332342278,2022-10-09T19:13:39.933663Z,2022-07-01 21:35:30,200,,@alviinaalametsa @TeestaSetalvad New India!  https://t.co/hvoASvxZve,en,[],[],822696812083609601,822696812083609601,AyshaHaseen,Aysha Haseen,5,21,https://twitter.com/AyshaHaseen/status/1542955071142785024,[],['https://pbs.twimg.com/media/FWmtda6agAIy4ZY.jpg'],1,https://pbs.twimg.com/media/FWmtda6agAIy4ZY.jpg,FALSE,20,0,5,,None,,,,,,,"[{'screen_name': 'alviinaalametsa', 'name': 'Alviina Alametsä', 'id': '888960558'}, {'screen_name': 'TeestaSetalvad', 'name': 'Teesta Setalvad', 'id': '116372682'}]",,,,,Unrecoganisable,2,284,2022-10-09T19:13:39.933692Z,10.32,0.553972572,0.7674214324,0.13,0.26,0.6,1.3
31708,1542440102332342278,2022-10-09T19:13:20.673497Z,2022-07-02 0:21:13,200,,@alviinaalametsa @TeestaSetalvad They won't but and you will increase your investments in India because the West really doesnt care about human rights. They care more about economy and power to keep China in check and to use India for that.,en,[],[],1028707420787367936,1028707420787367936,IntelligentDes7,IntelligentDesign,6,0,https://twitter.com/IntelligentDes7/status/1542996776998912001,[],[],0,,FALSE,0,0,0,,None,,,,,,,"[{'screen_name': 'alviinaalametsa', 'name': 'Alviina Alametsä', 'id': '888960558'}, {'screen_name': 'TeestaSetalvad', 'name': 'Teesta Setalvad', 'id': '116372682'}]",,,,,Unrecoganisable,2,283,2022-10-09T19:13:20.673527Z,46.334,0.3342309005,0.5488888158,0.05,0.12,0.2,0.6
31760,1542440102332342278,2022-10-10T16:12:13.392005Z,2022-06-30 21:26:47,200,,@alviinaalametsa @sagarikaghose @TeestaSetalvad Mera ♥️da  https://t.co/JiHb0e99g1,es,[],[],939820748549505024,939820748549505024,niranjan_shaha,Naren d souza,4,21,https://twitter.com/niranjan_shaha/status/1542590491358679040,[],['https://pbs.twimg.com/media/FWhh3v5agAAR5qz.jpg'],1,https://pbs.twimg.com/media/FWhh3v5agAAR5qz.jpg,FALSE,0,0,0,,None,,,,,,,"[{'screen_name': 'alviinaalametsa', 'name': 'Alviina Alametsä', 'id': '888960558'}, {'screen_name': 'sagarikaghose', 'name': 'Sagarika Ghose', 'id': '56312411'}, {'screen_name': 'TeestaSetalvad', 'name': 'Teesta Setalvad', 'id': '116372682'}]",,,,,"{""choices"": [""Unrecoganisable"", ""Favour""]}",2,334,2022-10-10T16:12:13.392030Z,5.157,0.4479465576,0.2603678379,0.09,0.02,0.4,0.1