id,conversation_id,created_at,date,timezone,place,tweet,language,hashtags,cashtags,user_id,user_id_str,username,name,day,hour,link,urls,photos,video,thumbnail,retweet,nlikes,nreplies,nretweets,quote_url,search,near,geo,source,user_rt_id,user_rt,retweet_id,reply_to,retweet_date,translate,trans_src,trans_dest,sentiment,annotator,annotation_id,updated_at,lead_time,botometerCapEng.score,botometerCapUni.score,botometerOverallRawEng.score,botometerOverallRawUni.score,botometerDisplayEng.score,botometerDisplayUni.score
31798,1542440102332342278,2022-10-10T16:38:20.533866Z,2022-07-03 19:57:32,200,,"@alviinaalametsa @TeestaSetalvad Thank you for taking cognizance of the worsening situation in India. The only way that things can be stopped from worsening further, if not improved, is if responsible legislators from fellow democratic countries highlight the abuses and demand accountability from the Indian govt",en,[],[],2277319526,2277319526,purangmehta,Purang Mehta,7,19,https://twitter.com/purangmehta/status/1543655192801017856,[],[],0,,FALSE,0,0,0,,None,,,,,,,"[{'screen_name': 'alviinaalametsa', 'name': 'Alviina Alametsä', 'id': '888960558'}, {'screen_name': 'TeestaSetalvad', 'name': 'Teesta Setalvad', 'id': '116372682'}]",,,,,Favour,2,372,2022-10-10T16:38:20.533893Z,1122.211,0.7176911081,0.7605777565,0.22,0.25,1.1,1.2
31792,1542440102332342278,2022-10-10T16:18:39.798461Z,2022-07-02 9:34:01,200,,"@alviinaalametsa @TeestaSetalvad Tag @narendramodi and @AmitShah in your posts, they are the responsible for this increasing hate in India.",en,[],[],1520672812301660161,1520672812301660161,StrawhatKaptaan,Kaptaan_Strawhat,6,9,https://twitter.com/StrawhatKaptaan/status/1543135891144658944,[],[],0,,FALSE,0,0,0,,None,,,,,,,"[{'screen_name': 'alviinaalametsa', 'name': 'Alviina Alametsä', 'id': '888960558'}, {'screen_name': 'TeestaSetalvad', 'name': 'Teesta Setalvad', 'id': '116372682'}]",,,,,Favour,2,366,2022-10-10T16:18:39.798491Z,9.179,0.7759887465,0.6945161422,0.3,0.19,1.5,1
31774,1542440102332342278,2022-10-10T16:14:43.844911Z,2022-06-30 20:26:52,200,,@alviinaalametsa @TeestaSetalvad Its a sustained pogrom with no end in sight...darker days ahead...,en,[],[],1273616152388726789,1273616152388726789,EloHaii,Elo Haii,4,20,https://twitter.com/EloHaii/status/1542575411854733312,[],[],0,,FALSE,0,0,0,,None,,,,,,,"[{'screen_name': 'alviinaalametsa', 'name': 'Alviina Alametsä', 'id': '888960558'}, {'screen_name': 'TeestaSetalvad', 'name': 'Teesta Setalvad', 'id': '116372682'}]",,,,,Favour,2,348,2022-10-10T16:14:43.844938Z,5.676,0.5288664776,0.4944907275,0.12,0.1,0.6,0.5
31757,1542440102332342278,2022-10-10T16:11:29.961665Z,2022-06-30 21:36:29,200,,@alviinaalametsa @TeestaSetalvad The human rights situation in India has gone from bad to worse    https://t.co/Hc3hg4KHDZ,en,[],[],62245545,62245545,UnApologeticM1,IamSultan,4,21,https://twitter.com/UnApologeticM1/status/1542592929574916099,['https://www.hindustantimes.com/world-news/india-at-high-risk-of-mass-killings-warns-us-ambassador-for-religious-freedom-101656612865474.html'],[],0,,FALSE,3,1,2,,None,,,,,,,"[{'screen_name': 'alviinaalametsa', 'name': 'Alviina Alametsä', 'id': '888960558'}, {'screen_name': 'TeestaSetalvad', 'name': 'Teesta Setalvad', 'id': '116372682'}]",,,,,Favour,2,331,2022-10-10T16:11:29.961694Z,7.234,0.3061880725,0.3173945014,0.04,0.04,0.2,0.2
31756,1542440102332342278,2022-10-10T16:11:21.257201Z,2022-06-30 21:49:04,200,,@alviinaalametsa @TeestaSetalvad There are many journalists in prison in India &amp; minorities are facing what some call is genocide.,en,[],[],1315410060,1315410060,citizenNA,Naeem,4,21,https://twitter.com/citizenNA/status/1542596097255899140,[],[],0,,FALSE,0,0,0,,None,,,,,,,"[{'screen_name': 'alviinaalametsa', 'name': 'Alviina Alametsä', 'id': '888960558'}, {'screen_name': 'TeestaSetalvad', 'name': 'Teesta Setalvad', 'id': '116372682'}]",,,,,Favour,2,330,2022-10-10T16:11:21.257227Z,8.665,0.5778862084,0.4365081483,0.14,0.08,0.7,0.4
31748,1542440102332342278,2022-10-10T16:09:51.441522Z,2022-06-30 22:27:26,200,,@alviinaalametsa @NainaRaathore @TeestaSetalvad 👏🏻👏🏻🙏⚘️,und,[],[],51383729,51383729,sagni4,Sagni,4,22,https://twitter.com/sagni4/status/1542605752077918208,[],[],0,,FALSE,0,0,0,,None,,,,,,,"[{'screen_name': 'alviinaalametsa', 'name': 'Alviina Alametsä', 'id': '888960558'}, {'screen_name': 'NainaRaathore', 'name': '😇', 'id': '1275806206255194115'}, {'screen_name': 'TeestaSetalvad', 'name': 'Teesta Setalvad', 'id': '116372682'}]",,,,,Favour,2,322,2022-10-10T16:09:51.441561Z,7.517,0.7952555385,0.6415870167,0.41,0.16,2,0.8
31746,1542440102332342278,2022-10-10T16:09:25.960578Z,2022-06-30 22:33:59,200,,@alviinaalametsa @TeestaSetalvad Glad the situation in India is getting world-wide attention. The BJP are replicating the early years of the Nazi party - which was always predictable given that they are the political arm of the RSS (a Nazi-Hindutva militant organisation).,en,[],[],1347613889203212290,1347613889203212290,AkashD60789383,Akash D.,4,22,https://twitter.com/AkashD60789383/status/1542607402289471488,[],[],0,,FALSE,0,0,0,,None,,,,,,,"[{'screen_name': 'alviinaalametsa', 'name': 'Alviina Alametsä', 'id': '888960558'}, {'screen_name': 'TeestaSetalvad', 'name': 'Teesta Setalvad', 'id': '116372682'}]",,,,,Favour,2,320,2022-10-10T16:09:25.960608Z,7.86,0.3342309005,0.288463897,0.05,0.03,0.2,0.2
31719,1542440102332342278,2022-10-09T19:17:39.610561Z,2022-07-01 16:28:27,200,,@alviinaalametsa @TeestaSetalvad 100%,und,[],[],1299015793443852296,1299015793443852296,_hamza_iftikhar,Hamza Iftikhar,5,16,https://twitter.com/_hamza_iftikhar/status/1542877800318861314,[],[],0,,FALSE,0,0,0,,None,,,,,,,"[{'screen_name': 'alviinaalametsa', 'name': 'Alviina Alametsä', 'id': '888960558'}, {'screen_name': 'TeestaSetalvad', 'name': 'Teesta Setalvad', 'id': '116372682'}]",,,,,Favour,2,293,2022-10-09T19:17:39.610589Z,6.014,0.4756769663,0.4067397856,0.1,0.07,0.5,0.4
31718,1542440102332342278,2022-10-09T19:17:31.787530Z,2022-07-01 18:00:49,200,,"@alviinaalametsa @TeestaSetalvad Teesta is ""The Bone of Contention"" of the present two Heads of the Country?",en,[],[],700569742650662917,700569742650662917,Toe_n_nee,Anthony Fernandes,5,18,https://twitter.com/Toe_n_nee/status/1542901043373035521,[],[],0,,FALSE,0,0,1,,None,,,,,,,"[{'screen_name': 'alviinaalametsa', 'name': 'Alviina Alametsä', 'id': '888960558'}, {'screen_name': 'TeestaSetalvad', 'name': 'Teesta Setalvad', 'id': '116372682'}]",,,,,Favour,2,292,2022-10-09T19:17:31.787578Z,16.092,0.553972572,0.4944907275,0.13,0.1,0.6,0.5
31717,1542440102332342278,2022-10-09T19:17:12.748137Z,2022-07-01 18:22:34,200,,@alviinaalametsa @TeestaSetalvad thanks for raising voice for indians,en,[],[],1483735934336376833,1483735934336376833,mohiuddin_223,ahmed mohiuddin,5,18,https://twitter.com/mohiuddin_223/status/1542906516965330945,[],[],0,,FALSE,1,0,0,,None,,,,,,,"[{'screen_name': 'alviinaalametsa', 'name': 'Alviina Alametsä', 'id': '888960558'}, {'screen_name': 'TeestaSetalvad', 'name': 'Teesta Setalvad', 'id': '116372682'}]",,,,,Favour,2,291,2022-10-09T19:17:12.748166Z,7.055,0.7759887465,0.8039704121,0.3,0.42,1.5,2.1
31715,1542440102332342278,2022-10-09T19:16:51.060446Z,2022-07-01 18:56:51,200,,@alviinaalametsa @TeestaSetalvad 👍🏻🙏🏻🙏🏻🙏🏻,und,[],[],1304047773247889414,1304047773247889414,PinjariShakeel,Shakeel Pinjari,5,18,https://twitter.com/PinjariShakeel/status/1542915144799457281,[],[],0,,FALSE,0,0,0,,None,,,,,,,"[{'screen_name': 'alviinaalametsa', 'name': 'Alviina Alametsä', 'id': '888960558'}, {'screen_name': 'TeestaSetalvad', 'name': 'Teesta Setalvad', 'id': '116372682'}]",,,,,Favour,2,289,2022-10-09T19:16:51.060475Z,10.775,0.7826357858,0.7437205367,0.32,0.23,1.6,1.2