id,conversation_id,created_at,date,timezone,place,tweet,language,hashtags,cashtags,user_id,user_id_str,username,name,day,hour,link,urls,photos,video,thumbnail,retweet,nlikes,nreplies,nretweets,quote_url,search,near,geo,source,user_rt_id,user_rt,retweet_id,reply_to,retweet_date,translate,trans_src,trans_dest,sentiment,annotator,annotation_id,updated_at,lead_time,botometerCapEng.score,botometerCapUni.score,botometerOverallRawEng.score,botometerOverallRawUni.score,botometerDisplayEng.score,botometerDisplayUni.score
31706,1541498855061164034,2022-10-09T19:11:18.210103Z,2022-07-01 10:56:03,200,,"@larrouturou @zoo_bear @AltNews @PMOIndia @India_NHRC @FranceinIndia @narendramodi It's a bit ironic that many Indians whine about the British Raj, but have no objection to a British Law on ""sedition"" that jailed Freedom Fighters. That very law us being used to curtail freedom of speech which is a RIGHT in a Democracy. Are we STILL a democracy?",en,[],[],799998182209961984,799998182209961984,Nmenon777,Stadtmitte Lokah samastha sukhino bhavantu,5,10,https://twitter.com/Nmenon777/status/1542794148310548480,[],[],0,,FALSE,1,0,0,,None,,,,,,,"[{'screen_name': 'larrouturou', 'name': 'Pierre Larrouturou', 'id': '18578222'}, {'screen_name': 'zoo_bear', 'name': 'Mohammed Zubair', 'id': '935142655213703168'}, {'screen_name': 'AltNews', 'name': 'Alt News', 'id': '717020664587227136'}, {'screen_name': 'PMOIndia', 'name': 'PMO India', 'id': '471741741'}, {'screen_name': 'India_NHRC', 'name': 'NHRC India', 'id': '1231877652715208705'}, {'screen_name': 'FranceinIndia', 'name': 'Emmanuel Lenain 🇫🇷🇪🇺', 'id': '1562957431'}, {'screen_name': 'narendramodi', 'name': 'Narendra Modi', 'id': '18839785'}]",,,,,Favour,2,281,2022-10-09T19:11:18.210132Z,25.844,0.4479465576,0.3469210182,0.09,0.05,0.4,0.2
31704,1541498855061164034,2022-10-09T19:10:39.108231Z,2022-06-27 21:42:24,200,,@larrouturou @zoo_bear @AltNews @PMOIndia @India_NHRC @FranceinIndia @narendramodi #IStandWithZubair #ReleaseZubair @zoo_bear,qme,"['istandwithzubair', 'releasezubair']",[],79280418,79280418,CoolHugs_,ImCool 😎,1,21,https://twitter.com/CoolHugs_/status/1541507257615384576,[],[],0,,FALSE,1,1,2,,None,,,,,,,"[{'screen_name': 'larrouturou', 'name': 'Pierre Larrouturou', 'id': '18578222'}, {'screen_name': 'zoo_bear', 'name': 'Mohammed Zubair', 'id': '935142655213703168'}, {'screen_name': 'AltNews', 'name': 'Alt News', 'id': '717020664587227136'}, {'screen_name': 'PMOIndia', 'name': 'PMO India', 'id': '471741741'}, {'screen_name': 'India_NHRC', 'name': 'NHRC India', 'id': '1231877652715208705'}, {'screen_name': 'FranceinIndia', 'name': 'Emmanuel Lenain 🇫🇷🇪🇺', 'id': '1562957431'}, {'screen_name': 'narendramodi', 'name': 'Narendra Modi', 'id': '18839785'}]",,,,,Favour,2,279,2022-10-09T19:10:39.108261Z,6.661,0.7852210698,0.7089830786,0.33,0.2,1.6,1
31703,1541498855061164034,2022-10-09T19:10:29.229150Z,2022-06-27 21:50:02,200,,@larrouturou @zoo_bear @AltNews @PMOIndia @India_NHRC @FranceinIndia @narendramodi We thank you @larrouturou for speaking up. Highhandedness of #BJP government must stop!! Freedom of speech MUST be restored #IStandWithZubair #StandWithTeestaSetalvad,en,"['bjp', 'istandwithzubair', 'standwithteestasetalvad']",[],1384891302534336515,1384891302534336515,ICIMonline,International Council of Indian Muslims,1,21,https://twitter.com/ICIMonline/status/1541509177075535874,[],[],0,,FALSE,2,0,1,,None,,,,,,,"[{'screen_name': 'larrouturou', 'name': 'Pierre Larrouturou', 'id': '18578222'}, {'screen_name': 'zoo_bear', 'name': 'Mohammed Zubair', 'id': '935142655213703168'}, {'screen_name': 'AltNews', 'name': 'Alt News', 'id': '717020664587227136'}, {'screen_name': 'PMOIndia', 'name': 'PMO India', 'id': '471741741'}, {'screen_name': 'India_NHRC', 'name': 'NHRC India', 'id': '1231877652715208705'}, {'screen_name': 'FranceinIndia', 'name': 'Emmanuel Lenain 🇫🇷🇪🇺', 'id': '1562957431'}, {'screen_name': 'narendramodi', 'name': 'Narendra Modi', 'id': '18839785'}]",,,,,Favour,2,278,2022-10-09T19:10:29.229179Z,12.636,0.7965971519,0.8053787931,0.63,0.5,3.2,2.5
31700,1541498855061164034,2022-10-09T19:09:51.958814Z,2022-06-27 22:11:05,200,,@larrouturou @zoo_bear @AltNews @PMOIndia @India_NHRC @FranceinIndia @narendramodi #StandwithZubair,qme,['standwithzubair'],[],1472119098775683072,1472119098775683072,shahruk92461711,𝐌ⓘץａ 𝔹𝔥Ã𝐈,1,22,https://twitter.com/shahruk92461711/status/1541514476545085442,[],[],0,,FALSE,1,1,2,,None,,,,,,,"[{'screen_name': 'larrouturou', 'name': 'Pierre Larrouturou', 'id': '18578222'}, {'screen_name': 'zoo_bear', 'name': 'Mohammed Zubair', 'id': '935142655213703168'}, {'screen_name': 'AltNews', 'name': 'Alt News', 'id': '717020664587227136'}, {'screen_name': 'PMOIndia', 'name': 'PMO India', 'id': '471741741'}, {'screen_name': 'India_NHRC', 'name': 'NHRC India', 'id': '1231877652715208705'}, {'screen_name': 'FranceinIndia', 'name': 'Emmanuel Lenain 🇫🇷🇪🇺', 'id': '1562957431'}, {'screen_name': 'narendramodi', 'name': 'Narendra Modi', 'id': '18839785'}]",,,,,Favour,2,275,2022-10-09T19:09:51.958843Z,7.117,0.8748575043,0.8082278384,0.91,0.73,4.6,3.6
31699,1541498855061164034,2022-10-09T19:09:41.229219Z,2022-06-27 22:16:03,200,,@larrouturou @milligazette @zoo_bear @AltNews @PMOIndia @India_NHRC @FranceinIndia @narendramodi Two sides of the BJP government.  The haters are roaming free.  And arresting those who expose lies is a violation of the Constitution of India and international law.  Zubair should be released immediately.,en,[],[],2721843344,2721843344,abdullahsir36,@abdullahsir36,1,22,https://twitter.com/abdullahsir36/status/1541515726351224834,[],[],0,,FALSE,4,1,1,,None,,,,,,,"[{'screen_name': 'larrouturou', 'name': 'Pierre Larrouturou', 'id': '18578222'}, {'screen_name': 'milligazette', 'name': 'Milli Gazette', 'id': '84968599'}, {'screen_name': 'zoo_bear', 'name': 'Mohammed Zubair', 'id': '935142655213703168'}, {'screen_name': 'AltNews', 'name': 'Alt News', 'id': '717020664587227136'}, {'screen_name': 'PMOIndia', 'name': 'PMO India', 'id': '471741741'}, {'screen_name': 'India_NHRC', 'name': 'NHRC India', 'id': '1231877652715208705'}, {'screen_name': 'FranceinIndia', 'name': 'Emmanuel Lenain 🇫🇷🇪🇺', 'id': '1562957431'}, {'screen_name': 'narendramodi', 'name': 'Narendra Modi', 'id': '18839785'}]",,,,,Favour,2,274,2022-10-09T19:09:41.229251Z,28.508,0.6915799517,0.4658392474,0.2,0.09,1,0.4
31695,1541498855061164034,2022-10-09T19:07:38.736792Z,2022-06-27 23:07:56,200,,@larrouturou @zoo_bear @AltNews @PMOIndia @India_NHRC @FranceinIndia @narendramodi #IStandWithZubair,qme,['istandwithzubair'],[],1407758671300362240,1407758671300362240,Hashimalhanfi,هاشم الندوي,1,23,https://twitter.com/Hashimalhanfi/status/1541528782271823872,[],[],0,,FALSE,0,0,0,,None,,,,,,,"[{'screen_name': 'larrouturou', 'name': 'Pierre Larrouturou', 'id': '18578222'}, {'screen_name': 'zoo_bear', 'name': 'Mohammed Zubair', 'id': '935142655213703168'}, {'screen_name': 'AltNews', 'name': 'Alt News', 'id': '717020664587227136'}, {'screen_name': 'PMOIndia', 'name': 'PMO India', 'id': '471741741'}, {'screen_name': 'India_NHRC', 'name': 'NHRC India', 'id': '1231877652715208705'}, {'screen_name': 'FranceinIndia', 'name': 'Emmanuel Lenain 🇫🇷🇪🇺', 'id': '1562957431'}, {'screen_name': 'narendramodi', 'name': 'Narendra Modi', 'id': '18839785'}]",,,,,Favour,2,270,2022-10-09T19:07:38.736829Z,7.761,0.7968599401,0.79471081,0.58,0.33,2.9,1.6
31686,1541498855061164034,2022-10-09T19:05:42.650009Z,2022-06-28 15:43:01,200,,@larrouturou @zoo_bear @AltNews @PMOIndia @India_NHRC @FranceinIndia @narendramodi #IStanWithZubair,qme,['istanwithzubair'],[],1275750684189753347,1275750684189753347,Shaikhm04230983,مظفر حسين,2,15,https://twitter.com/Shaikhm04230983/status/1541779203699646469,[],[],0,,FALSE,0,0,0,,None,,,,,,,"[{'screen_name': 'larrouturou', 'name': 'Pierre Larrouturou', 'id': '18578222'}, {'screen_name': 'zoo_bear', 'name': 'Mohammed Zubair', 'id': '935142655213703168'}, {'screen_name': 'AltNews', 'name': 'Alt News', 'id': '717020664587227136'}, {'screen_name': 'PMOIndia', 'name': 'PMO India', 'id': '471741741'}, {'screen_name': 'India_NHRC', 'name': 'NHRC India', 'id': '1231877652715208705'}, {'screen_name': 'FranceinIndia', 'name': 'Emmanuel Lenain 🇫🇷🇪🇺', 'id': '1562957431'}, {'screen_name': 'narendramodi', 'name': 'Narendra Modi', 'id': '18839785'}]",,,,,Favour,2,261,2022-10-09T19:05:42.650036Z,4.82,0.7759887465,0.5222398722,0.3,0.11,1.5,0.6
31682,1541498855061164034,2022-10-09T19:04:52.497046Z,2022-06-28 15:49:18,200,,@larrouturou @zoo_bear @AltNews @PMOIndia @India_NHRC @FranceinIndia @narendramodi #FreeTeestaSetalvad  #IStandWithZubair,qme,"['freeteestasetalvad', 'istandwithzubair']",[],1129644313116176384,1129644313116176384,SkSuhael,Sk Md Suhael.,2,15,https://twitter.com/SkSuhael/status/1541780782561210368,[],[],0,,FALSE,0,0,0,,None,,,,,,,"[{'screen_name': 'larrouturou', 'name': 'Pierre Larrouturou', 'id': '18578222'}, {'screen_name': 'zoo_bear', 'name': 'Mohammed Zubair', 'id': '935142655213703168'}, {'screen_name': 'AltNews', 'name': 'Alt News', 'id': '717020664587227136'}, {'screen_name': 'PMOIndia', 'name': 'PMO India', 'id': '471741741'}, {'screen_name': 'India_NHRC', 'name': 'NHRC India', 'id': '1231877652715208705'}, {'screen_name': 'FranceinIndia', 'name': 'Emmanuel Lenain 🇫🇷🇪🇺', 'id': '1562957431'}, {'screen_name': 'narendramodi', 'name': 'Narendra Modi', 'id': '18839785'}]",,,,,Favour,2,257,2022-10-09T19:04:52.497079Z,5.876,0.7826357858,0.678486427,0.32,0.18,1.6,0.9
31681,1541498855061164034,2022-10-09T19:04:45.586592Z,2022-06-28 15:57:35,200,,"@larrouturou @zoo_bear @AltNews @PMOIndia @India_NHRC @FranceinIndia @narendramodi Arrest without FIR , arrest for a tweet 4 year old.. didnot cause any problen any where.. still arrsted. Please help @PMOIndia @narendramodi",en,[],[],73215939,73215939,ehram123,Md Ehram Hussain,2,15,https://twitter.com/ehram123/status/1541782869067984897,[],[],0,,FALSE,1,1,0,,None,,,,,,,"[{'screen_name': 'larrouturou', 'name': 'Pierre Larrouturou', 'id': '18578222'}, {'screen_name': 'zoo_bear', 'name': 'Mohammed Zubair', 'id': '935142655213703168'}, {'screen_name': 'AltNews', 'name': 'Alt News', 'id': '717020664587227136'}, {'screen_name': 'PMOIndia', 'name': 'PMO India', 'id': '471741741'}, {'screen_name': 'India_NHRC', 'name': 'NHRC India', 'id': '1231877652715208705'}, {'screen_name': 'FranceinIndia', 'name': 'Emmanuel Lenain 🇫🇷🇪🇺', 'id': '1562957431'}, {'screen_name': 'narendramodi', 'name': 'Narendra Modi', 'id': '18839785'}]",,,,,Favour,2,256,2022-10-09T19:04:45.586620Z,17.258,0.5288664776,0.3767899639,0.12,0.06,0.6,0.3
31665,1541498855061164034,2022-10-09T19:00:37.071019Z,2022-06-28 19:22:27,200,,@larrouturou @zoo_bear @AltNews @PMOIndia @India_NHRC @FranceinIndia @narendramodi #IStandWithZubair #ArrestNupurSharma,qme,"['istandwithzubair', 'arrestnupursharma']",[],992290426966102017,992290426966102017,asifmohd63,Mohammad Asif 💖🇮🇳💖,2,19,https://twitter.com/asifmohd63/status/1541834425704521731,[],[],0,,FALSE,0,0,0,,None,,,,,,,"[{'screen_name': 'larrouturou', 'name': 'Pierre Larrouturou', 'id': '18578222'}, {'screen_name': 'zoo_bear', 'name': 'Mohammed Zubair', 'id': '935142655213703168'}, {'screen_name': 'AltNews', 'name': 'Alt News', 'id': '717020664587227136'}, {'screen_name': 'PMOIndia', 'name': 'PMO India', 'id': '471741741'}, {'screen_name': 'India_NHRC', 'name': 'NHRC India', 'id': '1231877652715208705'}, {'screen_name': 'FranceinIndia', 'name': 'Emmanuel Lenain 🇫🇷🇪🇺', 'id': '1562957431'}, {'screen_name': 'narendramodi', 'name': 'Narendra Modi', 'id': '18839785'}]",,,,,Favour,2,240,2022-10-09T19:00:37.071051Z,8.346,0.7907586934,0.3469210182,0.36,0.05,1.8,0.2
31660,1541498855061164034,2022-10-09T18:59:33.932985Z,2022-06-28 20:14:25,200,,@larrouturou @zoo_bear @AltNews @PMOIndia @India_NHRC @FranceinIndia @narendramodi ♥️da,und,[],[],1370248157917970435,1370248157917970435,Sid95879,Sid,2,20,https://twitter.com/Sid95879/status/1541847504827731971,[],[],0,,FALSE,0,0,0,,None,,,,,,,"[{'screen_name': 'larrouturou', 'name': 'Pierre Larrouturou', 'id': '18578222'}, {'screen_name': 'zoo_bear', 'name': 'Mohammed Zubair', 'id': '935142655213703168'}, {'screen_name': 'AltNews', 'name': 'Alt News', 'id': '717020664587227136'}, {'screen_name': 'PMOIndia', 'name': 'PMO India', 'id': '471741741'}, {'screen_name': 'India_NHRC', 'name': 'NHRC India', 'id': '1231877652715208705'}, {'screen_name': 'FranceinIndia', 'name': 'Emmanuel Lenain 🇫🇷🇪🇺', 'id': '1562957431'}, {'screen_name': 'narendramodi', 'name': 'Narendra Modi', 'id': '18839785'}]",,,,,Favour,2,235,2022-10-09T18:59:33.933016Z,7.261,0.621687024,0.4365081483,0.16,0.08,0.8,0.4
31658,1541498855061164034,2022-10-09T18:59:02.528901Z,2022-06-28 21:22:42,200,,@larrouturou @zoo_bear @AltNews @PMOIndia @India_NHRC @FranceinIndia @narendramodi Beautiful and Excellent efforts to interpret the situation and exposing the Indian FASCISTS and FASCISM,en,[],[],2215026360,2215026360,dryahyakazi,Dr. Yahya Kazi,2,21,https://twitter.com/dryahyakazi/status/1541864688669011969,[],[],0,,FALSE,0,0,0,,None,,,,,,,"[{'screen_name': 'larrouturou', 'name': 'Pierre Larrouturou', 'id': '18578222'}, {'screen_name': 'zoo_bear', 'name': 'Mohammed Zubair', 'id': '935142655213703168'}, {'screen_name': 'AltNews', 'name': 'Alt News', 'id': '717020664587227136'}, {'screen_name': 'PMOIndia', 'name': 'PMO India', 'id': '471741741'}, {'screen_name': 'India_NHRC', 'name': 'NHRC India', 'id': '1231877652715208705'}, {'screen_name': 'FranceinIndia', 'name': 'Emmanuel Lenain 🇫🇷🇪🇺', 'id': '1562957431'}, {'screen_name': 'narendramodi', 'name': 'Narendra Modi', 'id': '18839785'}]",,,,,Favour,2,233,2022-10-09T18:59:02.528932Z,12.619,0.7892294694,0.4658392474,0.35,0.09,1.8,0.4
31630,1541498855061164034,2022-10-08T11:38:44.861423Z,2022-06-29 5:44:51,200,,@larrouturou @zoo_bear @AltNews @PMOIndia @India_NHRC @FranceinIndia @narendramodi India under BJP Sangh Parivar is pathetic.. People of India suffering by this Elected Hindu Extrimists ideaology,en,[],[],1282586462660235264,1282586462660235264,sain_me_,Sain Being Me,3,5,https://twitter.com/sain_me_/status/1541991056241491973,[],[],0,,FALSE,0,0,0,,None,,,,,,,"[{'screen_name': 'larrouturou', 'name': 'Pierre Larrouturou', 'id': '18578222'}, {'screen_name': 'zoo_bear', 'name': 'Mohammed Zubair', 'id': '935142655213703168'}, {'screen_name': 'AltNews', 'name': 'Alt News', 'id': '717020664587227136'}, {'screen_name': 'PMOIndia', 'name': 'PMO India', 'id': '471741741'}, {'screen_name': 'India_NHRC', 'name': 'NHRC India', 'id': '1231877652715208705'}, {'screen_name': 'FranceinIndia', 'name': 'Emmanuel Lenain 🇫🇷🇪🇺', 'id': '1562957431'}, {'screen_name': 'narendramodi', 'name': 'Narendra Modi', 'id': '18839785'}]",,,,,Favour,2,205,2022-10-08T11:38:44.861448Z,11.375,0.796720694,0.8054288345,0.66,0.52,3.3,2.6
31618,1541498855061164034,2022-10-08T11:36:07.198401Z,2022-06-29 8:28:11,200,,"@larrouturou @zoo_bear @AltNews @PMOIndia @India_NHRC @FranceinIndia @narendramodi They have run amock. The arrests and vast army of social media recruits, are suppressing moderate voices and truth",en,[],[],1422742761443373070,1422742761443373070,Nnkk44656557,Nation needs a voice,3,8,https://twitter.com/Nnkk44656557/status/1542032163008352263,[],[],0,,FALSE,0,0,0,,None,,,,,,,"[{'screen_name': 'larrouturou', 'name': 'Pierre Larrouturou', 'id': '18578222'}, {'screen_name': 'zoo_bear', 'name': 'Mohammed Zubair', 'id': '935142655213703168'}, {'screen_name': 'AltNews', 'name': 'Alt News', 'id': '717020664587227136'}, {'screen_name': 'PMOIndia', 'name': 'PMO India', 'id': '471741741'}, {'screen_name': 'India_NHRC', 'name': 'NHRC India', 'id': '1231877652715208705'}, {'screen_name': 'FranceinIndia', 'name': 'Emmanuel Lenain 🇫🇷🇪🇺', 'id': '1562957431'}, {'screen_name': 'narendramodi', 'name': 'Narendra Modi', 'id': '18839785'}]",,,,,Favour,2,193,2022-10-08T11:36:07.198426Z,12.977,0.7874002197,0.6945161422,0.34,0.19,1.7,1
31607,1541498855061164034,2022-10-08T11:33:17.211762Z,2022-06-29 11:39:51,200,,@larrouturou @zoo_bear @AltNews @PMOIndia @India_NHRC @FranceinIndia @narendramodi #IStandWithZubair  https://t.co/qLbg37khHQ,qme,['istandwithzubair'],[],1082524978292146177,1082524978292146177,zab_khan92,Zabi Khan,3,11,https://twitter.com/zab_khan92/status/1542080396979867648,[],['https://pbs.twimg.com/media/FWaR8s-VEAIJMwm.jpg'],1,https://pbs.twimg.com/media/FWaR8s-VEAIJMwm.jpg,FALSE,0,0,0,,None,,,,,,,"[{'screen_name': 'larrouturou', 'name': 'Pierre Larrouturou', 'id': '18578222'}, {'screen_name': 'zoo_bear', 'name': 'Mohammed Zubair', 'id': '935142655213703168'}, {'screen_name': 'AltNews', 'name': 'Alt News', 'id': '717020664587227136'}, {'screen_name': 'PMOIndia', 'name': 'PMO India', 'id': '471741741'}, {'screen_name': 'India_NHRC', 'name': 'NHRC India', 'id': '1231877652715208705'}, {'screen_name': 'FranceinIndia', 'name': 'Emmanuel Lenain 🇫🇷🇪🇺', 'id': '1562957431'}, {'screen_name': 'narendramodi', 'name': 'Narendra Modi', 'id': '18839785'}]",,,,,Favour,2,182,2022-10-08T11:33:17.211788Z,17.671,0.7287106186,0.5982419967,0.23,0.14,1.2,0.7
31536,1541498855061164034,2022-10-06T13:11:13.785239Z,2022-06-29 19:58:25,0,,@larrouturou @zoo_bear @AltNews @PMOIndia @India_NHRC @FranceinIndia @narendramodi Thank you for raising this very important issue. 🙏,en,[],[],1208781137973264384,1208781137973264384,IndiaSolNW,The India Alliance,3,19,https://twitter.com/IndiaSolNW/status/1542236063791566848,[],[],0,,FALSE,0,0,0,,None,,,,,,,"[{'screen_name': 'larrouturou', 'name': 'Pierre Larrouturou', 'id': '18578222'}, {'screen_name': 'zoo_bear', 'name': 'Mohammed Zubair', 'id': '935142655213703168'}, {'screen_name': 'AltNews', 'name': 'Alt News', 'id': '717020664587227136'}, {'screen_name': 'PMOIndia', 'name': 'PMO India', 'id': '471741741'}, {'screen_name': 'India_NHRC', 'name': 'NHRC India', 'id': '1231877652715208705'}, {'screen_name': 'FranceinIndia', 'name': 'Emmanuel Lenain 🇫🇷🇪🇺', 'id': '1562957431'}, {'screen_name': 'narendramodi', 'name': 'Narendra Modi', 'id': '18839785'}]",,,,,Favour,3,108,2022-10-08T11:28:38.633462Z,77.402,0.6004883263,0.3469210182,0.15,0.05,0.8,0.2
31601,1541498855061164034,2022-10-07T12:26:48.911304Z,2022-06-29 17:14:00,200,,@larrouturou @zoo_bear @AltNews @PMOIndia @India_NHRC @FranceinIndia @narendramodi #StandWithZubair,qme,['standwithzubair'],[],983709188919476224,983709188919476224,SamsulH40825884,Samsul  Haque,3,17,https://twitter.com/SamsulH40825884/status/1542164488899530753,[],[],0,,FALSE,0,0,0,,None,,,,,,,"[{'screen_name': 'larrouturou', 'name': 'Pierre Larrouturou', 'id': '18578222'}, {'screen_name': 'zoo_bear', 'name': 'Mohammed Zubair', 'id': '935142655213703168'}, {'screen_name': 'AltNews', 'name': 'Alt News', 'id': '717020664587227136'}, {'screen_name': 'PMOIndia', 'name': 'PMO India', 'id': '471741741'}, {'screen_name': 'India_NHRC', 'name': 'NHRC India', 'id': '1231877652715208705'}, {'screen_name': 'FranceinIndia', 'name': 'Emmanuel Lenain 🇫🇷🇪🇺', 'id': '1562957431'}, {'screen_name': 'narendramodi', 'name': 'Narendra Modi', 'id': '18839785'}]",,,,,Favour,2,166,2022-10-07T12:26:48.911331Z,4.345,0.793957645,0.3469210182,0.39,0.05,2,0.2
31595,1541498855061164034,2022-10-07T12:25:59.787726Z,2022-06-29 20:20:52,200,,@larrouturou @zoo_bear @AltNews @PMOIndia @India_NHRC @FranceinIndia @narendramodi #IStandWithZubair,qme,['istandwithzubair'],[],1309468126812266499,1309468126812266499,FaridAnsari0786,Mohd Farid,3,20,https://twitter.com/FaridAnsari0786/status/1542211515826192393,[],[],0,,FALSE,0,0,0,,None,,,,,,,"[{'screen_name': 'larrouturou', 'name': 'Pierre Larrouturou', 'id': '18578222'}, {'screen_name': 'zoo_bear', 'name': 'Mohammed Zubair', 'id': '935142655213703168'}, {'screen_name': 'AltNews', 'name': 'Alt News', 'id': '717020664587227136'}, {'screen_name': 'PMOIndia', 'name': 'PMO India', 'id': '471741741'}, {'screen_name': 'India_NHRC', 'name': 'NHRC India', 'id': '1231877652715208705'}, {'screen_name': 'FranceinIndia', 'name': 'Emmanuel Lenain 🇫🇷🇪🇺', 'id': '1562957431'}, {'screen_name': 'narendramodi', 'name': 'Narendra Modi', 'id': '18839785'}]",,,,,Favour,2,160,2022-10-07T12:25:59.787757Z,2.828,0.7966668301,0.7924367906,0.61,0.32,3,1.6
31594,1541498855061164034,2022-10-07T12:25:53.993745Z,2022-06-29 20:21:28,200,,@larrouturou @zoo_bear @AltNews @PMOIndia @India_NHRC @FranceinIndia @narendramodi #ReleaseZubair,qme,['releasezubair'],[],1309468126812266499,1309468126812266499,FaridAnsari0786,Mohd Farid,3,20,https://twitter.com/FaridAnsari0786/status/1542211665000861697,[],[],0,,FALSE,0,0,0,,None,,,,,,,"[{'screen_name': 'larrouturou', 'name': 'Pierre Larrouturou', 'id': '18578222'}, {'screen_name': 'zoo_bear', 'name': 'Mohammed Zubair', 'id': '935142655213703168'}, {'screen_name': 'AltNews', 'name': 'Alt News', 'id': '717020664587227136'}, {'screen_name': 'PMOIndia', 'name': 'PMO India', 'id': '471741741'}, {'screen_name': 'India_NHRC', 'name': 'NHRC India', 'id': '1231877652715208705'}, {'screen_name': 'FranceinIndia', 'name': 'Emmanuel Lenain 🇫🇷🇪🇺', 'id': '1562957431'}, {'screen_name': 'narendramodi', 'name': 'Narendra Modi', 'id': '18839785'}]",,,,,Favour,2,159,2022-10-07T12:25:53.993774Z,3.391,0.7966668301,0.7924367906,0.61,0.32,3,1.6
31593,1541498855061164034,2022-10-07T12:25:48.976888Z,2022-06-29 20:43:45,200,,@larrouturou @zoo_bear @AltNews @PMOIndia @India_NHRC @FranceinIndia @narendramodi We are passing through an Undeclared Emergency.,en,[],[],3309971509,3309971509,hhmollick,@BharatJodoYatra,3,20,https://twitter.com/hhmollick/status/1542217273007411200,[],[],0,,FALSE,1,0,0,,None,,,,,,,"[{'screen_name': 'larrouturou', 'name': 'Pierre Larrouturou', 'id': '18578222'}, {'screen_name': 'zoo_bear', 'name': 'Mohammed Zubair', 'id': '935142655213703168'}, {'screen_name': 'AltNews', 'name': 'Alt News', 'id': '717020664587227136'}, {'screen_name': 'PMOIndia', 'name': 'PMO India', 'id': '471741741'}, {'screen_name': 'India_NHRC', 'name': 'NHRC India', 'id': '1231877652715208705'}, {'screen_name': 'FranceinIndia', 'name': 'Emmanuel Lenain 🇫🇷🇪🇺', 'id': '1562957431'}, {'screen_name': 'narendramodi', 'name': 'Narendra Modi', 'id': '18839785'}]",,,,,Favour,2,158,2022-10-07T12:25:48.976916Z,5.446,0.6915799517,0.4658392474,0.2,0.09,1,0.4
31590,1541498855061164034,2022-10-07T12:16:25.172797Z,2022-06-29 21:58:25,200,,@larrouturou @zoo_bear @AltNews @PMOIndia @India_NHRC @FranceinIndia @narendramodi Thank you for raising this very important issue. 🙏,en,[],[],1208781137973264384,1208781137973264384,IndiaSolNW,The India Alliance,3,21,https://twitter.com/IndiaSolNW/status/1542236063791566848,[],[],0,,FALSE,0,0,0,,None,,,,,,,"[{'screen_name': 'larrouturou', 'name': 'Pierre Larrouturou', 'id': '18578222'}, {'screen_name': 'zoo_bear', 'name': 'Mohammed Zubair', 'id': '935142655213703168'}, {'screen_name': 'AltNews', 'name': 'Alt News', 'id': '717020664587227136'}, {'screen_name': 'PMOIndia', 'name': 'PMO India', 'id': '471741741'}, {'screen_name': 'India_NHRC', 'name': 'NHRC India', 'id': '1231877652715208705'}, {'screen_name': 'FranceinIndia', 'name': 'Emmanuel Lenain 🇫🇷🇪🇺', 'id': '1562957431'}, {'screen_name': 'narendramodi', 'name': 'Narendra Modi', 'id': '18839785'}]",,,,,Favour,2,155,2022-10-07T12:16:25.172821Z,4.515,0.6004883263,0.3469210182,0.15,0.05,0.8,0.2
31576,1541498855061164034,2022-10-07T12:13:25.753163Z,2022-06-29 3:44:51,0,,@larrouturou @zoo_bear @AltNews @PMOIndia @India_NHRC @FranceinIndia @narendramodi India under BJP Sangh Parivar is pathetic.. People of India suffering by this Elected Hindu Extrimists ideaology,en,[],[],1282586462660235264,1282586462660235264,sain_me_,Sain Being Me,3,3,https://twitter.com/sain_me_/status/1541991056241491973,[],[],0,,FALSE,0,0,0,,None,,,,,,,"[{'screen_name': 'larrouturou', 'name': 'Pierre Larrouturou', 'id': '18578222'}, {'screen_name': 'zoo_bear', 'name': 'Mohammed Zubair', 'id': '935142655213703168'}, {'screen_name': 'AltNews', 'name': 'Alt News', 'id': '717020664587227136'}, {'screen_name': 'PMOIndia', 'name': 'PMO India', 'id': '471741741'}, {'screen_name': 'India_NHRC', 'name': 'NHRC India', 'id': '1231877652715208705'}, {'screen_name': 'FranceinIndia', 'name': 'Emmanuel Lenain 🇫🇷🇪🇺', 'id': '1562957431'}, {'screen_name': 'narendramodi', 'name': 'Narendra Modi', 'id': '18839785'}]",,,,,Favour,2,143,2022-10-07T12:13:25.753191Z,27.792,0.796720694,0.8054288345,0.66,0.52,3.3,2.6
31562,1541498855061164034,2022-10-07T12:09:01.000660Z,2022-06-29 6:28:11,0,,"@larrouturou @zoo_bear @AltNews @PMOIndia @India_NHRC @FranceinIndia @narendramodi They have run amock. The arrests and vast army of social media recruits, are suppressing moderate voices and truth",en,[],[],1422742761443373070,1422742761443373070,Nnkk44656557,Nation needs a voice,3,6,https://twitter.com/Nnkk44656557/status/1542032163008352263,[],[],0,,FALSE,0,0,0,,None,,,,,,,"[{'screen_name': 'larrouturou', 'name': 'Pierre Larrouturou', 'id': '18578222'}, {'screen_name': 'zoo_bear', 'name': 'Mohammed Zubair', 'id': '935142655213703168'}, {'screen_name': 'AltNews', 'name': 'Alt News', 'id': '717020664587227136'}, {'screen_name': 'PMOIndia', 'name': 'PMO India', 'id': '471741741'}, {'screen_name': 'India_NHRC', 'name': 'NHRC India', 'id': '1231877652715208705'}, {'screen_name': 'FranceinIndia', 'name': 'Emmanuel Lenain 🇫🇷🇪🇺', 'id': '1562957431'}, {'screen_name': 'narendramodi', 'name': 'Narendra Modi', 'id': '18839785'}]",,,,,Favour,2,132,2022-10-07T12:09:01.000692Z,10.768,0.7874002197,0.6945161422,0.34,0.19,1.7,1
31551,1541498855061164034,2022-10-07T12:06:01.214176Z,2022-06-29 9:39:51,0,,@larrouturou @zoo_bear @AltNews @PMOIndia @India_NHRC @FranceinIndia @narendramodi #IStandWithZubair  https://t.co/qLbg37khHQ,qme,['istandwithzubair'],[],1082524978292146177,1082524978292146177,zab_khan92,Zabi Khan,3,9,https://twitter.com/zab_khan92/status/1542080396979867648,[],['https://pbs.twimg.com/media/FWaR8s-VEAIJMwm.jpg'],1,https://pbs.twimg.com/media/FWaR8s-VEAIJMwm.jpg,FALSE,0,0,0,,None,,,,,,,"[{'screen_name': 'larrouturou', 'name': 'Pierre Larrouturou', 'id': '18578222'}, {'screen_name': 'zoo_bear', 'name': 'Mohammed Zubair', 'id': '935142655213703168'}, {'screen_name': 'AltNews', 'name': 'Alt News', 'id': '717020664587227136'}, {'screen_name': 'PMOIndia', 'name': 'PMO India', 'id': '471741741'}, {'screen_name': 'India_NHRC', 'name': 'NHRC India', 'id': '1231877652715208705'}, {'screen_name': 'FranceinIndia', 'name': 'Emmanuel Lenain 🇫🇷🇪🇺', 'id': '1562957431'}, {'screen_name': 'narendramodi', 'name': 'Narendra Modi', 'id': '18839785'}]",,,,,Favour,2,123,2022-10-07T12:06:01.214203Z,22.977,0.7287106186,0.5982419967,0.23,0.14,1.2,0.7
31544,1541498855061164034,2022-10-07T11:52:03.996498Z,2022-06-29 15:14:00,0,,@larrouturou @zoo_bear @AltNews @PMOIndia @India_NHRC @FranceinIndia @narendramodi #StandWithZubair,qme,['standwithzubair'],[],983709188919476224,983709188919476224,SamsulH40825884,Samsul  Haque,3,15,https://twitter.com/SamsulH40825884/status/1542164488899530753,[],[],0,,FALSE,0,0,0,,None,,,,,,,"[{'screen_name': 'larrouturou', 'name': 'Pierre Larrouturou', 'id': '18578222'}, {'screen_name': 'zoo_bear', 'name': 'Mohammed Zubair', 'id': '935142655213703168'}, {'screen_name': 'AltNews', 'name': 'Alt News', 'id': '717020664587227136'}, {'screen_name': 'PMOIndia', 'name': 'PMO India', 'id': '471741741'}, {'screen_name': 'India_NHRC', 'name': 'NHRC India', 'id': '1231877652715208705'}, {'screen_name': 'FranceinIndia', 'name': 'Emmanuel Lenain 🇫🇷🇪🇺', 'id': '1562957431'}, {'screen_name': 'narendramodi', 'name': 'Narendra Modi', 'id': '18839785'}]",,,,,Favour,2,116,2022-10-07T11:52:03.996524Z,3.756,0.793957645,0.3469210182,0.39,0.05,2,0.2
31539,1541498855061164034,2022-10-07T11:44:59.184135Z,2022-06-29 18:43:45,0,,@larrouturou @zoo_bear @AltNews @PMOIndia @India_NHRC @FranceinIndia @narendramodi We are passing through an Undeclared Emergency.,en,[],[],3309971509,3309971509,hhmollick,बोले के लाब आज़ाद है तेरी। हल्‍ला बौल हल्‍ला बौल l,3,18,https://twitter.com/hhmollick/status/1542217273007411200,[],[],0,,FALSE,1,0,0,,None,,,,,,,"[{'screen_name': 'larrouturou', 'name': 'Pierre Larrouturou', 'id': '18578222'}, {'screen_name': 'zoo_bear', 'name': 'Mohammed Zubair', 'id': '935142655213703168'}, {'screen_name': 'AltNews', 'name': 'Alt News', 'id': '717020664587227136'}, {'screen_name': 'PMOIndia', 'name': 'PMO India', 'id': '471741741'}, {'screen_name': 'India_NHRC', 'name': 'NHRC India', 'id': '1231877652715208705'}, {'screen_name': 'FranceinIndia', 'name': 'Emmanuel Lenain 🇫🇷🇪🇺', 'id': '1562957431'}, {'screen_name': 'narendramodi', 'name': 'Narendra Modi', 'id': '18839785'}]",,,,,Favour,2,110,2022-10-07T11:50:31.969376Z,31.787,0.6915799517,0.4658392474,0.2,0.09,1,0.4
31540,1541498855061164034,2022-10-07T11:45:12.065784Z,2022-06-29 18:21:28,0,,@larrouturou @zoo_bear @AltNews @PMOIndia @India_NHRC @FranceinIndia @narendramodi #ReleaseZubair,qme,['releasezubair'],[],1309468126812266499,1309468126812266499,FaridAnsari0786,Mohd Farid,3,18,https://twitter.com/FaridAnsari0786/status/1542211665000861697,[],[],0,,FALSE,0,0,0,,None,,,,,,,"[{'screen_name': 'larrouturou', 'name': 'Pierre Larrouturou', 'id': '18578222'}, {'screen_name': 'zoo_bear', 'name': 'Mohammed Zubair', 'id': '935142655213703168'}, {'screen_name': 'AltNews', 'name': 'Alt News', 'id': '717020664587227136'}, {'screen_name': 'PMOIndia', 'name': 'PMO India', 'id': '471741741'}, {'screen_name': 'India_NHRC', 'name': 'NHRC India', 'id': '1231877652715208705'}, {'screen_name': 'FranceinIndia', 'name': 'Emmanuel Lenain 🇫🇷🇪🇺', 'id': '1562957431'}, {'screen_name': 'narendramodi', 'name': 'Narendra Modi', 'id': '18839785'}]",,,,,Favour,2,111,2022-10-07T11:50:14.758024Z,11.09,0.7966668301,0.7924367906,0.61,0.32,3,1.6
31541,1541498855061164034,2022-10-07T11:50:10.780506Z,2022-06-29 18:20:52,0,,@larrouturou @zoo_bear @AltNews @PMOIndia @India_NHRC @FranceinIndia @narendramodi #IStandWithZubair,qme,['istandwithzubair'],[],1309468126812266499,1309468126812266499,FaridAnsari0786,Mohd Farid,3,18,https://twitter.com/FaridAnsari0786/status/1542211515826192393,[],[],0,,FALSE,0,0,0,,None,,,,,,,"[{'screen_name': 'larrouturou', 'name': 'Pierre Larrouturou', 'id': '18578222'}, {'screen_name': 'zoo_bear', 'name': 'Mohammed Zubair', 'id': '935142655213703168'}, {'screen_name': 'AltNews', 'name': 'Alt News', 'id': '717020664587227136'}, {'screen_name': 'PMOIndia', 'name': 'PMO India', 'id': '471741741'}, {'screen_name': 'India_NHRC', 'name': 'NHRC India', 'id': '1231877652715208705'}, {'screen_name': 'FranceinIndia', 'name': 'Emmanuel Lenain 🇫🇷🇪🇺', 'id': '1562957431'}, {'screen_name': 'narendramodi', 'name': 'Narendra Modi', 'id': '18839785'}]",,,,,Favour,2,113,2022-10-07T11:50:10.780532Z,2.245,0.7966668301,0.7924367906,0.61,0.32,3,1.6
31676,1541498855061164034,2022-10-09T19:03:18.525521Z,2022-06-28 16:57:55,200,,@larrouturou @zoo_bear @AltNews @PMOIndia @India_NHRC @FranceinIndia @narendramodi Save your time and energy. India is no longer a democracy,en,[],[],859400293,859400293,canarayan1,c.a. narayan,2,16,https://twitter.com/canarayan1/status/1541798052037464064,[],[],0,,FALSE,0,1,0,,None,,,,,,,"[{'screen_name': 'larrouturou', 'name': 'Pierre Larrouturou', 'id': '18578222'}, {'screen_name': 'zoo_bear', 'name': 'Mohammed Zubair', 'id': '935142655213703168'}, {'screen_name': 'AltNews', 'name': 'Alt News', 'id': '717020664587227136'}, {'screen_name': 'PMOIndia', 'name': 'PMO India', 'id': '471741741'}, {'screen_name': 'India_NHRC', 'name': 'NHRC India', 'id': '1231877652715208705'}, {'screen_name': 'FranceinIndia', 'name': 'Emmanuel Lenain 🇫🇷🇪🇺', 'id': '1562957431'}, {'screen_name': 'narendramodi', 'name': 'Narendra Modi', 'id': '18839785'}]",,,,,"{""choices"": [""Whataboutism"", ""Favour""]}",2,251,2022-10-09T19:03:26.824229Z,17.758,0.7970759082,0.8068955729,0.68,0.71,3.4,3.6
31687,1541498855061164034,2022-10-09T19:05:58.963613Z,2022-06-28 15:34:49,200,,@larrouturou @zoo_bear @AltNews @PMOIndia @India_NHRC @FranceinIndia @narendramodi Toolkit in India getting dismantled,en,[],[],1512002307331801095,1512002307331801095,Iamraje78412219,Iamrajesh,2,15,https://twitter.com/Iamraje78412219/status/1541777137241190402,[],[],0,,FALSE,0,0,0,,None,,,,,,,"[{'screen_name': 'larrouturou', 'name': 'Pierre Larrouturou', 'id': '18578222'}, {'screen_name': 'zoo_bear', 'name': 'Mohammed Zubair', 'id': '935142655213703168'}, {'screen_name': 'AltNews', 'name': 'Alt News', 'id': '717020664587227136'}, {'screen_name': 'PMOIndia', 'name': 'PMO India', 'id': '471741741'}, {'screen_name': 'India_NHRC', 'name': 'NHRC India', 'id': '1231877652715208705'}, {'screen_name': 'FranceinIndia', 'name': 'Emmanuel Lenain 🇫🇷🇪🇺', 'id': '1562957431'}, {'screen_name': 'narendramodi', 'name': 'Narendra Modi', 'id': '18839785'}]",,,,,"{""choices"": [""Whataboutism"", ""Favour""]}",2,262,2022-10-09T19:05:58.963644Z,12.401,0.7874002197,0.8035432096,0.34,0.41,1.7,2
31683,1541498855061164034,2022-10-09T19:05:11.413114Z,2022-06-28 15:45:09,200,,@larrouturou @zoo_bear @AltNews @PMOIndia @India_NHRC @FranceinIndia @narendramodi @zoo_bear has been targeting by ruling party of Indian gov. Now zubair got arrested by @DelhiPolice due to false allegations.  @DelhiPolice whats about @NupurSharmaBJP &amp;other like her,en,[],[],1097462524536967168,1097462524536967168,mrImteyaz8,MD Imteyaz Ansari | محمد امتیاز انصاری,2,15,https://twitter.com/mrImteyaz8/status/1541779741434183680,[],[],0,,FALSE,0,0,0,,None,,,,,,,"[{'screen_name': 'larrouturou', 'name': 'Pierre Larrouturou', 'id': '18578222'}, {'screen_name': 'zoo_bear', 'name': 'Mohammed Zubair', 'id': '935142655213703168'}, {'screen_name': 'AltNews', 'name': 'Alt News', 'id': '717020664587227136'}, {'screen_name': 'PMOIndia', 'name': 'PMO India', 'id': '471741741'}, {'screen_name': 'India_NHRC', 'name': 'NHRC India', 'id': '1231877652715208705'}, {'screen_name': 'FranceinIndia', 'name': 'Emmanuel Lenain 🇫🇷🇪🇺', 'id': '1562957431'}, {'screen_name': 'narendramodi', 'name': 'Narendra Modi', 'id': '18839785'}]",,,,,"{""choices"": [""Whataboutism"", ""Favour""]}",2,258,2022-10-09T19:05:11.413145Z,17.805,0,0,0,0,0,0